town,county,acs_population,government_priority_score,housing_pressure_score,transportation_equity_score,aging_in_place_score,digital_equity_score,workforce_growth_support_score,health_access_pressure_score,food_basic_needs_score,climate_mobility_opportunity_score,child_family_service_score,government_priority_lane,pct_cost_burdened_households,pct_cost_burdened_renter_households,pct_seasonal_housing_units,pct_zero_vehicle_households,pct_long_commute_workers,pct_no_internet_or_subscription_households,pct_65_plus,pct_under_18,pct_below_poverty,pct_with_disability
Bancroft UT,Aroostook,78,76.46,58.7,82.51,86.52,99.45,54.02,89.89,71.14,54.14,54.31,broadband and digital equity,33.33,0.0,40.22,10.91,100.0,38.18,94.87,0.0,53.85,32.05
Allagash,Aroostook,224,69.21,90.09,76.07,66.4,48.72,51.83,77.63,64.0,56.18,57.74,housing pressure and production planning,54.76,77.27,34.46,12.68,31.25,0.0,48.66,6.25,25.45,16.96
North Washington UT,Washington,620,64.27,83.54,49.52,65.98,61.43,45.82,78.06,68.49,37.76,68.7,housing pressure and production planning,46.26,100.0,60.06,2.22,4.57,7.11,37.26,25.16,25.48,32.58
Mattawamkeag,Penobscot,698,63.77,62.56,77.14,54.28,48.34,49.1,78.01,71.84,57.26,60.89,transportation equity and last-mile access,28.21,42.67,7.4,15.15,30.22,0.61,20.06,17.48,33.24,35.53
Crawford,Washington,97,63.76,68.49,59.54,68.33,62.93,35.12,86.23,66.96,36.68,49.61,housing pressure and production planning,22.0,100.0,46.76,3.51,11.11,5.26,50.52,14.43,27.84,46.39
Cherryfield,Washington,809,63.74,71.14,71.33,58.34,49.56,44.86,77.81,66.94,52.63,55.68,transportation equity and last-mile access,32.9,60.47,15.82,12.26,24.91,0.72,32.39,11.62,26.33,27.69
Eustis,Franklin,453,63.6,88.51,54.98,66.43,48.35,36.59,78.89,66.87,38.22,63.86,housing pressure and production planning,51.25,66.02,61.53,12.37,0.0,0.0,38.63,15.45,22.96,26.71
Van Buren,Aroostook,1858,62.48,65.0,63.84,65.84,49.68,39.02,82.32,69.26,44.74,60.55,"food, household stability, and basic-needs support",39.64,40.68,2.89,13.33,9.26,0.0,35.25,15.61,23.04,32.37
St. Albans,Somerset,1831,62.41,72.41,68.96,52.29,50.87,53.71,69.48,63.94,56.8,59.14,housing pressure and production planning,31.77,85.54,25.83,8.95,34.03,4.77,26.05,18.84,23.25,25.93
Winn,Penobscot,287,62.01,69.25,67.68,59.5,48.81,53.16,73.42,58.17,53.0,54.09,housing pressure and production planning,45.27,100.0,4.95,5.56,49.57,1.23,30.31,12.2,21.95,31.36
Brighton,Somerset,98,61.12,85.01,61.12,52.69,47.7,54.44,68.43,54.32,46.51,52.26,housing pressure and production planning,71.43,100.0,62.35,0.0,35.29,0.0,24.49,9.18,37.76,30.61
Hersey,Aroostook,47,60.8,47.95,79.22,59.0,47.06,37.96,81.17,65.86,56.34,45.89,transportation equity and last-mile access,16.67,0.0,34.69,17.39,29.41,0.0,34.04,8.51,21.28,29.79
Waite,Washington,108,60.12,50.51,74.28,65.52,44.46,48.71,72.98,58.55,58.52,57.11,transportation equity and last-mile access,76.09,0.0,0.0,19.61,29.17,3.92,27.78,10.19,14.81,27.78
Macwahoc,Aroostook,79,59.56,45.49,70.0,64.34,55.99,40.18,83.99,56.0,46.74,33.06,transportation equity and last-mile access,22.64,0.0,28.87,0.0,70.0,0.0,54.43,0.0,31.65,55.7
Patten,Penobscot,1154,59.41,63.0,61.31,60.22,50.58,39.11,77.82,61.18,43.88,49.02,housing pressure and production planning,30.9,56.0,8.63,6.32,18.09,0.56,38.47,11.27,23.23,30.05
Eastport,Washington,1263,59.12,68.12,58.98,67.53,43.74,34.52,77.03,57.95,42.53,51.58,housing pressure and production planning,39.01,44.93,19.44,13.42,9.87,0.0,42.36,14.17,15.24,28.17
West Paris,Oxford,1808,58.98,74.63,62.88,49.87,43.57,47.49,66.88,61.99,49.05,59.13,housing pressure and production planning,40.0,61.47,15.91,10.98,23.19,0.45,25.22,14.27,24.09,21.08
Passamaquoddy Indian Township Reservation,Washington,759,58.4,49.36,64.91,51.4,46.15,36.31,79.42,83.7,40.95,74.77,"food, household stability, and basic-needs support",18.35,25.84,1.51,21.36,2.62,0.0,15.15,33.07,38.57,34.91
Orient,Aroostook,137,58.27,69.05,47.5,62.98,60.02,30.2,80.66,64.55,19.32,51.18,housing pressure and production planning,24.07,100.0,74.91,1.59,0.0,4.76,45.99,16.79,35.77,30.66
Mount Chase,Penobscot,280,58.24,71.38,56.64,50.98,47.57,46.69,68.39,65.28,43.08,64.18,housing pressure and production planning,37.39,28.57,53.71,7.5,16.67,1.67,28.93,22.14,30.71,22.14
The Forks,Somerset,92,58.02,39.29,63.93,56.94,74.74,42.75,71.64,62.67,46.16,46.56,broadband and digital equity,7.5,0.0,76.44,5.66,27.63,20.75,41.3,11.96,23.91,20.65
Rumford,Oxford,5942,57.71,70.07,59.53,51.37,41.85,44.17,66.99,64.15,50.09,61.99,housing pressure and production planning,38.03,59.1,7.92,13.64,14.67,0.3,27.18,18.06,22.61,20.1
Moro,Aroostook,10,57.39,39.4,72.9,69.6,50.6,9.6,93.6,70.0,14.0,35.2,transportation equity and last-mile access,0.0,0.0,33.33,25.0,0.0,0.0,90.0,0.0,20.0,30.0
Frenchboro,Hancock,30,57.36,51.14,64.8,81.33,41.33,15.21,86.8,53.07,34.38,35.74,"aging-in-place, disability access, and healthcare coordination",33.33,0.0,49.3,26.32,0.0,0.0,63.33,0.0,6.67,36.67
Dexter,Penobscot,3822,57.28,66.29,58.82,51.45,44.21,40.6,70.56,64.67,46.7,59.21,housing pressure and production planning,35.71,65.2,3.35,12.58,12.38,0.39,19.73,16.22,23.08,28.92
Highland,Somerset,154,57.09,53.37,49.6,65.85,71.26,43.09,70.15,54.66,34.13,50.02,broadband and digital equity,45.13,0.0,14.39,0.0,13.64,16.81,66.23,3.25,28.57,16.88
Burlington,Penobscot,328,56.87,45.84,69.75,52.42,46.14,48.72,72.8,63.41,47.51,54.92,transportation equity and last-mile access,20.45,0.0,47.0,9.52,46.84,1.36,24.7,24.09,19.33,39.33
Kingman UT,Penobscot,138,56.7,72.19,62.23,44.97,46.17,42.45,64.0,58.58,47.04,49.38,housing pressure and production planning,24.36,100.0,37.1,8.97,26.67,2.56,33.33,10.14,31.16,13.04
Northeast Piscataquis UT,Piscataquis,1002,56.65,62.19,58.19,59.7,51.5,28.12,78.14,52.9,40.23,30.71,housing pressure and production planning,15.85,100.0,52.43,2.91,17.82,0.55,54.09,1.4,21.96,26.95
Guilford,Piscataquis,1096,56.61,69.42,56.67,59.29,39.75,41.47,68.4,53.44,49.15,53.6,housing pressure and production planning,45.35,66.98,11.42,11.17,16.9,0.0,30.47,15.6,14.87,27.25
Belfast,Waldo,6986,56.38,64.87,59.53,58.81,39.47,37.95,67.9,57.44,50.72,53.37,housing pressure and production planning,35.88,47.42,9.51,16.5,13.01,0.88,39.06,14.21,16.05,17.49
Howland,Penobscot,1367,56.32,58.93,57.27,50.13,47.31,47.85,69.18,65.05,44.14,63.25,"food, household stability, and basic-needs support",37.44,29.0,5.96,6.47,18.36,1.04,22.82,22.02,25.21,27.87
Prentiss UT,Penobscot,210,56.16,66.57,59.3,50.44,48.91,30.56,74.28,57.17,40.25,37.32,housing pressure and production planning,17.53,100.0,33.51,5.83,18.0,0.0,31.9,2.86,26.19,28.57
Lee,Penobscot,925,55.96,73.85,57.51,47.2,40.04,46.94,63.13,57.25,47.69,56.96,housing pressure and production planning,33.67,80.0,35.0,8.01,24.43,0.0,24.54,21.84,19.49,23.06
Addison,Washington,1045,55.78,67.77,50.19,52.01,53.53,39.85,68.58,57.57,40.42,51.63,housing pressure and production planning,31.04,60.0,23.63,3.16,13.88,6.11,24.4,15.69,22.12,31.1
Lewiston,Androscoggin,38324,55.72,70.41,56.75,47.64,33.15,54.28,56.69,63.0,60.7,65.11,housing pressure and production planning,40.71,51.68,0.58,17.21,11.19,0.18,18.35,20.58,20.04,19.51
Kingsbury,Piscataquis,17,55.65,33.0,70.0,58.0,56.0,32.0,84.0,56.0,44.0,24.0,transportation equity and last-mile access,0.0,0.0,85.44,0.0,33.33,0.0,82.35,0.0,41.18,41.18
Hamlin,Aroostook,111,55.51,71.13,45.03,65.88,48.02,32.68,72.77,49.21,36.54,45.9,housing pressure and production planning,52.63,100.0,11.76,3.77,4.0,1.89,40.54,7.21,17.12,29.73
Madawaska,Aroostook,3853,55.48,71.57,51.44,60.26,38.8,33.69,67.45,58.74,41.1,61.06,housing pressure and production planning,43.77,59.96,13.91,19.15,0.0,2.29,28.78,20.14,13.0,23.26
Livermore Falls,Androscoggin,3102,55.44,62.13,63.15,40.35,41.29,54.57,60.94,62.24,54.31,61.51,transportation equity and last-mile access,32.19,47.67,2.59,7.67,32.3,0.0,18.21,21.92,28.96,20.36
Grand Isle,Aroostook,407,55.38,67.84,49.89,59.03,45.16,32.0,72.66,58.0,36.14,52.61,housing pressure and production planning,42.57,75.47,3.92,9.42,2.4,0.0,33.42,10.57,20.88,26.54
Athens,Somerset,791,55.32,69.78,55.79,44.54,43.13,42.46,65.09,62.04,45.62,57.59,housing pressure and production planning,26.22,100.0,28.88,7.96,18.41,0.32,24.4,21.74,23.28,22.24
Monticello,Aroostook,674,55.18,58.21,51.6,58.08,53.64,38.51,71.43,55.8,38.28,49.77,housing pressure and production planning,34.78,37.5,11.33,4.53,13.21,6.27,28.19,13.8,19.43,34.27
St. John,Aroostook,180,55.15,68.77,54.56,63.11,39.43,33.66,68.45,47.86,46.71,45.2,housing pressure and production planning,43.53,75.0,16.31,12.9,12.9,1.08,38.89,8.89,11.67,23.33
Norway,Oxford,5228,54.84,65.45,56.51,49.04,42.24,42.53,66.22,58.1,44.46,52.61,housing pressure and production planning,29.55,48.74,18.89,7.72,19.36,0.0,27.1,17.5,20.94,25.02
Dennysville,Washington,218,54.83,66.1,55.13,47.97,47.53,40.96,65.35,59.17,40.31,53.53,housing pressure and production planning,32.63,75.0,9.72,7.08,17.33,2.65,31.19,12.39,30.28,17.43
Machias,Washington,2020,54.75,70.93,52.55,46.09,41.54,42.1,63.43,62.31,44.99,62.88,housing pressure and production planning,43.85,58.92,0.71,11.0,9.98,0.0,20.2,15.89,25.6,19.33
Avon,Franklin,359,54.74,76.68,60.75,48.6,29.43,47.4,56.28,50.22,57.97,57.57,housing pressure and production planning,42.75,90.0,44.31,17.42,27.63,0.0,20.06,21.73,10.17,18.38
Passamaquoddy Pleasant Point Reservation,Washington,552,54.69,48.55,59.75,45.54,45.66,36.72,70.36,79.05,39.67,74.66,"food, household stability, and basic-needs support",22.44,18.75,0.0,21.62,1.93,3.15,12.86,29.89,35.51,23.73
Mexico,Oxford,2782,54.51,63.97,58.32,47.3,38.66,43.42,63.74,60.15,49.97,59.17,housing pressure and production planning,34.97,62.84,4.22,13.2,18.17,0.0,20.35,19.77,19.73,22.61
Boothbay Harbor,Lincoln,2096,54.47,73.44,44.5,62.58,45.22,31.3,70.02,49.27,35.82,44.59,housing pressure and production planning,39.0,79.34,44.45,4.27,4.79,1.21,47.04,11.55,16.14,23.3
Lincoln,Penobscot,4890,54.47,63.99,56.6,54.46,41.14,39.85,66.07,51.16,50.02,45.73,housing pressure and production planning,34.23,61.32,13.99,8.86,20.27,0.89,32.09,11.39,16.51,24.61
Danforth,Washington,666,54.43,60.98,56.29,54.06,47.28,46.0,64.58,44.99,53.9,41.04,housing pressure and production planning,32.5,36.11,42.07,1.75,32.37,5.26,26.13,13.36,13.87,36.64
Sherman,Aroostook,947,54.34,66.32,55.65,39.11,41.43,48.76,58.77,70.53,43.98,75.12,"child, family, and school-adjacent services",29.43,46.67,11.85,13.55,15.27,2.26,21.22,33.37,37.49,10.98
St. Francis,Aroostook,400,54.3,51.66,63.55,51.83,45.3,43.83,66.73,52.43,51.34,42.93,transportation equity and last-mile access,22.73,44.9,7.05,6.14,33.08,2.19,38.75,12.5,18.75,20.5
East Millinocket,Penobscot,1495,54.18,64.29,51.82,50.56,42.79,37.97,67.93,62.09,39.5,59.26,housing pressure and production planning,34.31,74.11,5.87,9.95,8.17,0.0,25.82,20.4,21.67,24.75
Pembroke,Washington,801,53.91,64.87,57.3,53.08,37.8,49.02,61.45,47.48,50.63,49.9,housing pressure and production planning,39.64,59.57,16.48,5.8,31.15,0.28,32.46,19.23,13.48,22.97
Brownville,Piscataquis,983,53.86,57.8,63.69,46.18,38.34,49.8,60.46,54.99,53.86,54.16,transportation equity and last-mile access,31.53,26.19,21.62,10.4,37.46,0.64,28.08,19.02,18.31,16.89
New Limerick,Aroostook,372,53.8,59.96,49.9,58.67,49.95,32.28,69.56,53.4,39.44,46.35,housing pressure and production planning,26.97,33.33,35.56,7.78,9.63,6.11,37.1,15.32,15.59,26.34
Lagrange,Penobscot,709,53.72,66.96,56.24,44.1,38.35,52.97,57.74,55.05,51.74,61.08,housing pressure and production planning,40.53,66.67,10.67,7.32,28.57,1.05,18.19,24.68,18.39,22.0
Ashland,Aroostook,1080,53.64,55.08,54.81,51.04,46.52,39.11,69.99,58.67,40.41,50.09,"food, household stability, and basic-needs support",29.08,25.71,16.13,4.62,16.82,0.0,32.22,14.26,23.61,25.56
Lubec,Washington,1346,53.55,64.49,52.76,57.85,39.68,31.12,67.78,53.53,42.78,48.35,housing pressure and production planning,31.63,40.57,26.81,13.21,8.54,0.58,41.23,14.41,14.69,18.5
Millinocket,Penobscot,4115,53.48,39.56,59.81,58.53,48.52,34.81,74.61,58.43,42.99,45.06,transportation equity and last-mile access,17.58,20.48,8.11,9.59,16.92,3.14,36.16,16.11,17.13,31.01
New Vineyard,Franklin,607,53.42,74.23,49.89,42.1,40.75,47.3,58.84,57.15,44.69,59.47,housing pressure and production planning,33.64,66.67,39.41,3.52,20.61,0.0,27.02,24.55,22.57,17.13
Pleasant Ridge,Somerset,87,53.29,35.97,57.93,66.83,59.59,33.18,75.91,43.57,42.64,25.06,"aging-in-place, disability access, and healthcare coordination",17.24,0.0,48.78,0.0,27.27,9.52,63.22,2.3,13.79,37.93
Phillips,Franklin,1094,53.17,64.14,49.89,50.84,44.6,33.38,66.73,59.66,38.43,55.89,housing pressure and production planning,28.37,40.43,26.91,12.28,5.43,3.79,21.3,20.66,17.66,27.7
Waterville,Kennebec,17077,53.16,67.91,53.16,46.53,35.95,40.29,60.05,60.49,49.88,59.35,housing pressure and production planning,38.81,50.5,0.26,17.18,5.78,0.37,18.33,14.37,20.61,18.64
Topsfield,Washington,214,52.94,50.46,58.51,60.09,40.03,45.44,65.92,45.11,50.94,43.69,"aging-in-place, disability access, and healthcare coordination",40.52,0.0,29.17,4.92,30.38,0.0,44.86,13.08,13.08,21.5
Wellington,Piscataquis,161,52.89,42.55,56.0,59.52,53.82,33.67,72.74,50.74,43.34,36.8,"aging-in-place, disability access, and healthcare coordination",21.11,0.0,58.3,4.3,20.0,6.45,39.75,8.07,17.09,29.81
Bingham,Somerset,660,52.5,61.68,53.13,53.36,39.94,35.35,65.42,52.21,44.05,47.29,housing pressure and production planning,29.24,33.33,31.66,9.38,15.48,0.31,38.33,15.61,16.09,19.06
Augusta,Kennebec,19077,52.49,65.13,51.31,48.36,35.7,44.03,59.29,57.74,49.42,58.86,housing pressure and production planning,38.81,49.18,1.51,13.58,9.1,0.38,21.51,18.93,18.22,20.98
Island Falls,Aroostook,768,52.42,62.25,46.52,50.08,45.8,41.16,64.79,56.27,39.39,56.2,housing pressure and production planning,37.06,17.95,41.6,3.45,11.7,2.19,26.3,20.7,20.71,26.34
Bangor,Penobscot,31938,52.33,66.51,50.57,47.85,33.06,46.25,56.48,56.76,56.45,57.48,housing pressure and production planning,39.56,51.52,0.21,14.79,7.1,0.17,19.89,16.65,17.87,20.68
Blanchard UT,Piscataquis,81,52.14,64.34,55.0,59.33,40.21,37.36,64.65,33.11,48.03,24.0,housing pressure and production planning,33.33,100.0,42.4,0.0,66.67,0.0,72.84,0.0,11.11,22.22
Rangeley,Franklin,792,52.13,58.43,55.61,69.22,36.76,28.89,70.53,32.0,48.08,21.76,"aging-in-place, disability access, and healthcare coordination",30.16,62.61,67.7,7.0,25.06,0.0,49.12,3.91,1.77,32.58
Wesley,Washington,320,52.12,52.95,59.75,37.67,45.2,42.9,65.19,57.58,49.44,44.57,transportation equity and last-mile access,12.69,27.27,34.5,2.24,31.21,0.0,16.56,15.62,34.69,30.0
Osborn,Hancock,88,51.8,70.29,51.39,55.49,36.58,44.92,59.9,33.73,49.82,34.87,housing pressure and production planning,44.9,100.0,45.45,0.0,50.0,0.0,31.82,9.09,9.09,29.55
Skowhegan,Somerset,8653,51.76,62.58,52.47,50.78,34.98,43.56,59.48,52.07,48.74,55.15,housing pressure and production planning,40.23,58.46,2.7,11.98,16.18,0.44,25.39,19.62,14.17,21.33
Swanville,Waldo,1195,51.62,63.58,48.09,43.45,46.89,41.67,61.49,54.14,42.46,50.75,housing pressure and production planning,31.71,47.5,15.2,2.08,17.54,3.29,20.25,15.23,22.96,25.36
Waltham,Hancock,346,51.62,54.33,55.4,48.92,41.65,51.59,60.7,48.02,46.23,48.86,transportation equity and last-mile access,41.18,15.0,17.33,0.0,35.67,0.0,32.95,15.03,19.65,20.81
Lowell,Penobscot,378,51.31,66.33,50.56,53.44,39.12,37.62,61.65,42.2,44.82,39.86,housing pressure and production planning,33.12,80.0,38.75,5.73,22.3,2.08,31.22,13.23,10.85,26.19
Wilton,Franklin,3862,51.31,61.79,47.99,51.34,39.1,43.38,61.11,50.23,45.96,53.27,housing pressure and production planning,38.57,52.48,9.21,5.5,16.92,1.12,26.95,22.24,14.55,25.92
Chebeague Island,Cumberland,555,51.28,72.23,43.91,55.47,38.55,40.93,59.07,43.06,41.07,47.69,housing pressure and production planning,42.39,93.85,47.47,2.64,17.05,1.13,44.32,18.56,12.5,15.99
Calais,Washington,3097,51.24,62.25,46.49,47.22,44.14,36.47,64.05,56.11,38.82,52.25,housing pressure and production planning,31.97,53.7,8.62,5.7,8.73,1.62,24.09,16.44,21.39,25.02
Farmington,Franklin,8157,51.21,56.35,60.87,46.43,33.48,36.89,60.79,53.46,52.16,47.29,transportation equity and last-mile access,28.01,44.21,3.78,18.36,19.14,0.0,20.74,10.59,15.42,19.73
Milo,Piscataquis,2165,51.14,59.9,57.95,42.91,37.4,47.63,58.35,48.53,48.57,46.77,housing pressure and production planning,30.05,48.76,15.28,5.91,53.09,0.47,18.24,16.81,16.35,25.82
Eagle Lake,Aroostook,570,50.99,56.27,56.26,54.62,36.96,33.51,64.95,46.13,45.0,38.64,housing pressure and production planning,24.32,33.33,47.15,10.33,21.71,0.0,39.47,12.63,11.39,21.09
Portage Lake,Aroostook,374,50.9,53.36,48.09,63.43,46.43,24.37,73.89,41.0,37.04,24.77,"aging-in-place, disability access, and healthcare coordination",20.0,41.67,48.09,0.52,14.19,1.04,55.88,5.08,12.03,32.09
Southeast Piscataquis UT,Piscataquis,437,50.89,51.81,49.77,44.02,47.92,44.88,62.06,58.05,41.83,55.73,"food, household stability, and basic-needs support",28.96,0.0,44.5,1.53,19.39,3.06,28.83,20.82,24.49,19.68
Bridgton,Cumberland,5642,50.86,59.37,57.08,46.37,34.33,47.88,56.86,45.15,55.52,45.08,housing pressure and production planning,30.92,30.73,47.71,6.6,39.25,0.0,26.73,17.97,12.83,22.0
Central Hancock UT,Hancock,153,50.8,58.99,52.38,43.83,38.57,40.9,61.15,56.59,43.24,54.35,housing pressure and production planning,20.0,100.0,23.4,7.35,20.0,0.0,29.41,27.45,17.65,19.61
Milbridge,Washington,1222,50.8,60.78,49.13,45.95,42.01,35.75,62.37,56.52,39.96,52.28,housing pressure and production planning,21.14,45.83,27.28,8.21,12.4,2.1,30.2,22.5,18.43,19.47
Paris,Oxford,5317,50.8,67.97,49.35,50.41,34.16,39.69,57.41,47.6,47.79,51.5,housing pressure and production planning,42.81,62.31,14.06,12.23,14.18,1.18,24.56,15.82,12.45,19.97
Carroll,Penobscot,134,50.76,51.03,54.69,48.43,44.56,48.63,60.05,46.06,48.28,44.28,transportation equity and last-mile access,35.29,0.0,38.46,0.0,42.31,2.78,32.84,12.69,18.66,20.9
Weston,Aroostook,275,50.66,67.16,41.35,48.56,46.8,29.64,66.89,52.63,31.03,45.09,housing pressure and production planning,26.72,100.0,58.16,2.29,4.44,2.29,21.82,14.91,19.62,38.55
Detroit,Somerset,650,50.4,43.47,52.92,45.14,46.09,36.61,68.85,60.46,41.76,50.73,"food, household stability, and basic-needs support",21.01,25.58,2.12,5.44,14.59,0.68,18.46,18.31,23.08,32.46
Troy,Waldo,984,50.37,62.94,50.94,43.89,38.3,51.0,55.26,47.92,45.0,52.89,housing pressure and production planning,39.35,53.19,9.16,1.84,29.64,0.69,27.03,20.73,17.82,18.29
Milton UT,Oxford,166,50.24,63.68,47.98,37.57,43.41,42.36,59.89,56.12,39.03,51.6,housing pressure and production planning,22.92,40.0,34.83,0.0,20.37,0.0,23.49,20.48,30.12,21.08
Moscow,Somerset,865,49.98,59.01,50.87,39.14,49.27,48.64,53.54,48.12,46.12,46.7,housing pressure and production planning,25.5,47.22,19.65,0.0,31.99,8.29,23.7,15.72,20.69,17.23
Newport,Penobscot,3143,49.8,57.19,49.93,52.35,36.5,31.81,63.02,50.43,44.05,48.04,housing pressure and production planning,33.74,44.33,6.71,13.91,8.56,1.14,24.85,14.7,12.57,24.63
Limestone,Aroostook,1579,49.78,49.87,50.34,49.76,38.96,33.75,65.51,57.28,42.03,54.33,"food, household stability, and basic-needs support",29.83,32.03,2.49,12.37,7.56,0.43,21.72,20.71,16.37,27.13
Northfield,Washington,263,49.6,47.55,54.26,49.35,41.59,29.93,66.67,56.35,35.77,45.4,"food, household stability, and basic-needs support",20.79,0.0,61.03,11.11,11.7,0.0,39.16,11.41,20.53,14.83
Albion,Kennebec,2204,49.59,59.98,47.47,47.64,39.21,38.57,60.56,48.81,43.65,47.48,housing pressure and production planning,38.19,46.15,3.63,5.12,15.36,0.0,26.81,12.52,18.39,22.01
Amity,Aroostook,395,49.58,38.61,57.93,47.63,39.68,34.6,65.47,61.38,44.49,55.07,"food, household stability, and basic-needs support",13.28,0.0,28.16,16.18,14.74,2.21,26.84,26.84,15.19,21.77
Jackman,Somerset,695,49.42,61.09,51.89,47.54,36.59,33.19,62.11,43.16,47.09,35.35,housing pressure and production planning,23.05,57.14,34.16,6.73,22.33,0.0,22.73,11.51,11.94,30.36
Gilead,Oxford,187,49.38,69.84,39.23,57.7,39.76,37.6,58.24,37.79,38.53,43.47,housing pressure and production planning,51.89,65.96,20.67,1.85,12.68,2.78,40.64,12.3,10.81,19.25
Hartland,Somerset,1602,49.32,54.29,50.49,45.07,40.61,40.91,62.22,48.38,43.91,43.25,housing pressure and production planning,22.82,40.15,25.32,1.44,24.81,0.39,21.79,19.66,16.03,31.79
Andover,Oxford,679,49.29,71.31,37.68,48.87,50.7,34.1,55.7,42.83,36.74,43.06,housing pressure and production planning,36.92,100.0,44.86,2.68,9.03,10.7,27.1,8.84,16.05,19.59
Monson,Piscataquis,596,49.2,71.09,39.6,47.49,40.29,43.23,54.16,43.61,43.13,50.63,housing pressure and production planning,42.15,45.45,47.47,0.35,16.67,3.14,31.38,20.3,14.93,17.82
Newfield,York,1580,49.07,56.35,57.64,45.94,33.76,41.37,56.37,41.19,53.82,37.9,transportation equity and last-mile access,26.21,33.33,34.19,8.91,45.63,0.99,26.9,12.59,10.51,20.7
Auburn,Androscoggin,24602,49.06,63.61,46.31,45.87,30.43,48.81,51.62,49.5,53.34,56.25,housing pressure and production planning,42.58,53.4,0.99,10.47,13.3,0.16,19.83,21.36,13.8,20.19
North Penobscot UT,Penobscot,518,48.98,80.61,40.2,41.29,38.26,41.04,52.36,43.29,37.58,46.81,housing pressure and production planning,46.89,100.0,68.86,0.0,16.18,0.0,29.15,8.11,21.62,11.58
Old Town,Penobscot,7470,48.97,67.17,42.96,40.51,35.79,41.1,55.0,57.59,40.08,63.18,housing pressure and production planning,41.56,50.31,1.44,10.06,4.71,0.0,16.85,21.82,21.33,16.36
Meddybemps,Washington,139,48.94,72.19,38.27,61.19,38.19,32.45,60.7,30.21,39.24,31.87,housing pressure and production planning,51.79,100.0,44.08,0.0,13.51,1.43,39.57,5.04,7.19,27.34
Searsport,Waldo,2655,48.82,60.47,48.67,46.07,35.83,37.91,58.66,46.95,45.68,45.76,housing pressure and production planning,32.32,48.21,15.35,7.23,17.95,0.0,23.69,15.78,14.59,23.42
Caribou,Aroostook,7382,48.8,59.77,44.83,49.89,36.38,34.56,59.35,51.65,41.67,52.78,housing pressure and production planning,38.58,45.29,1.17,11.86,4.31,1.02,27.31,16.19,15.5,18.67
Charlotte,Washington,377,48.74,44.79,46.79,45.02,47.8,32.72,66.91,62.1,30.63,54.57,"food, household stability, and basic-needs support",19.73,0.0,28.96,6.71,5.3,3.05,21.75,21.75,22.81,27.32
Hiram,Oxford,1748,48.63,55.03,53.14,42.94,36.8,45.74,56.8,45.25,47.43,45.21,housing pressure and production planning,27.38,56.41,14.49,4.48,31.2,1.54,15.73,20.94,12.59,29.75
Denmark,Oxford,1054,48.59,68.95,42.63,52.78,35.82,39.68,56.93,36.62,40.39,40.66,housing pressure and production planning,41.87,90.62,47.83,1.63,20.31,1.02,31.78,15.56,8.92,25.14
Grand Lake Stream,Washington,169,48.59,69.87,37.36,55.21,41.55,24.2,59.99,43.06,37.9,40.14,housing pressure and production planning,34.26,100.0,47.06,6.78,0.0,3.39,63.91,8.28,14.2,8.88
Stonington,Hancock,840,48.55,51.9,44.07,59.46,43.05,25.49,67.76,43.52,36.41,35.67,"aging-in-place, disability access, and healthcare coordination",28.57,20.78,34.62,6.11,6.73,2.74,38.45,10.12,10.83,28.81
Great Pond,Hancock,42,48.47,59.51,52.64,48.79,38.43,38.3,58.28,37.15,40.42,29.03,housing pressure and production planning,22.22,100.0,42.86,0.0,45.45,0.0,59.52,7.14,14.29,11.9
Gouldsboro,Hancock,1615,48.45,68.51,42.9,55.38,35.11,39.42,56.16,33.02,43.37,37.12,housing pressure and production planning,43.19,80.77,35.54,1.46,22.14,1.22,38.82,12.94,7.18,21.61
Oakfield,Aroostook,629,48.44,46.47,47.6,60.82,40.05,20.01,71.52,46.8,36.28,35.41,"aging-in-place, disability access, and healthcare coordination",22.81,21.59,26.47,11.6,2.81,0.94,36.25,10.81,9.22,31.8
Damariscotta,Lincoln,2192,48.32,62.04,46.21,48.13,34.46,40.21,55.64,43.98,46.99,47.55,housing pressure and production planning,35.89,68.17,17.28,6.48,18.85,0.71,31.16,19.39,11.86,18.01
Deer Isle,Hancock,2470,48.31,56.06,46.68,43.99,42.6,31.92,61.41,52.9,37.02,45.85,housing pressure and production planning,21.86,25.44,37.16,7.32,10.26,2.57,24.78,14.74,19.15,22.0
Southport,Lincoln,550,48.18,60.73,47.72,58.5,34.17,27.13,60.64,36.93,42.85,32.58,housing pressure and production planning,27.57,93.1,62.89,10.26,15.02,1.32,51.82,10.36,5.48,14.55
Crystal,Aroostook,247,48.16,31.58,52.4,56.13,48.96,35.68,67.4,47.69,38.42,37.09,"aging-in-place, disability access, and healthcare coordination",14.88,14.29,11.35,1.6,23.29,4.8,48.99,16.19,14.69,21.86
Eastbrook,Hancock,742,48.16,51.84,47.28,42.49,41.71,40.16,60.6,51.64,42.18,47.89,housing pressure and production planning,27.85,8.11,38.19,1.22,18.95,0.0,25.47,17.39,21.16,23.18
Passadumkeag,Penobscot,384,48.12,45.93,55.25,42.78,37.1,48.89,56.83,48.11,48.31,48.81,transportation equity and last-mile access,30.57,21.05,9.95,3.59,38.52,0.0,25.52,20.31,16.67,20.63
Alton,Penobscot,819,48.11,59.63,42.22,39.56,43.74,34.61,58.68,58.22,35.28,56.25,housing pressure and production planning,29.25,76.32,1.63,6.53,4.47,2.56,21.73,18.07,24.31,16.48
Harrington,Washington,917,48.03,65.54,39.07,51.49,38.0,28.94,61.96,45.75,34.98,43.99,housing pressure and production planning,33.69,79.31,26.74,5.06,3.97,0.0,31.95,15.7,13.69,24.3
Willimantic,Piscataquis,200,47.82,48.69,44.13,37.41,43.34,42.6,58.74,64.35,37.7,65.71,"child, family, and school-adjacent services",22.06,0.0,71.28,3.9,10.34,1.3,25.5,36.5,32.5,15.5
Madison,Somerset,4782,47.72,53.12,46.65,47.77,38.23,37.75,60.09,46.09,43.56,43.6,housing pressure and production planning,32.01,30.91,16.32,4.45,16.78,0.49,25.07,14.89,15.0,26.47
Lincoln,Oxford,47,47.71,29.21,52.08,63.37,60.62,30.37,63.57,31.45,47.57,18.32,"aging-in-place, disability access, and healthcare coordination",15.0,0.0,81.29,3.85,28.57,19.23,40.43,0.0,4.26,29.79
Garland,Penobscot,823,47.67,58.68,46.82,40.31,38.9,40.43,57.39,49.22,38.51,47.12,housing pressure and production planning,27.54,46.67,16.81,2.22,20.59,0.0,23.21,17.98,19.27,21.63
New Portland,Somerset,686,47.57,68.42,49.23,35.62,31.79,43.97,48.45,47.87,46.27,53.41,housing pressure and production planning,29.69,94.74,33.91,9.88,24.18,1.54,17.64,23.18,14.47,12.68
Fayette,Kennebec,1383,47.51,60.04,46.74,51.79,33.25,41.03,55.71,35.27,47.71,37.85,housing pressure and production planning,36.54,46.77,24.91,2.42,26.8,0.0,37.24,15.69,7.88,20.67
Waterford,Oxford,1295,47.38,60.19,50.61,39.77,35.54,39.7,53.74,44.25,46.88,41.33,housing pressure and production planning,25.67,36.59,35.29,5.48,26.28,0.51,27.72,12.9,16.45,14.52
Woolwich,Sagadahoc,3158,47.34,49.8,51.1,46.82,36.41,36.44,59.43,44.34,47.62,38.3,transportation equity and last-mile access,21.15,64.29,9.44,5.48,23.52,0.0,33.91,15.04,13.33,20.52
Parsonsfield,York,1715,47.25,70.03,47.45,36.89,28.57,53.73,44.52,40.76,53.37,53.71,housing pressure and production planning,42.65,78.16,27.38,4.04,58.57,0.0,17.96,25.01,12.04,14.55
Reed,Aroostook,105,47.17,36.63,63.13,49.33,33.34,34.79,61.46,39.73,57.14,29.66,transportation equity and last-mile access,24.49,0.0,20.0,12.73,45.45,0.0,24.76,2.86,9.52,25.71
Starks,Somerset,556,47.13,54.54,48.25,37.9,41.17,40.62,55.29,48.66,44.24,45.54,housing pressure and production planning,23.61,45.45,13.51,3.2,23.33,2.8,20.32,16.37,19.24,20.14
Haynesville,Aroostook,131,47.09,67.18,40.25,53.61,42.76,43.16,48.43,25.61,47.59,35.0,housing pressure and production planning,46.77,100.0,35.09,1.47,27.54,11.76,24.43,10.69,2.29,25.19
Blue Hill,Hancock,2813,47.0,73.07,38.94,53.13,28.48,35.16,51.63,37.57,43.18,48.87,housing pressure and production planning,58.75,93.62,28.44,11.7,7.9,1.38,29.61,18.27,4.71,16.48
Whitneyville,Washington,170,46.88,59.08,34.08,50.0,43.92,42.62,54.89,45.49,35.63,56.24,housing pressure and production planning,42.59,100.0,6.49,0.0,9.68,6.45,26.47,28.24,12.35,24.12
Drew UT,Penobscot,33,46.8,31.88,55.45,32.42,42.42,52.55,58.23,60.3,46.01,57.94,"food, household stability, and basic-needs support",16.67,0.0,7.14,0.0,75.0,0.0,15.15,30.3,27.27,24.24
Ellsworth,Hancock,8657,46.76,67.56,46.08,43.72,26.32,42.71,47.92,41.51,51.48,50.5,housing pressure and production planning,43.01,62.14,17.47,12.2,18.19,0.0,22.1,18.44,9.26,13.64
Coplin,Franklin,51,46.75,59.71,52.32,39.14,30.9,35.71,51.72,47.65,47.78,48.48,housing pressure and production planning,40.0,0.0,80.77,16.0,16.67,0.0,19.61,5.88,17.65,7.84
Presque Isle,Aroostook,8736,46.72,58.78,40.77,46.01,35.26,34.81,56.29,50.2,41.55,52.67,housing pressure and production planning,37.44,47.26,0.43,9.88,3.19,0.96,22.56,18.04,15.47,19.79
Liberty,Waldo,969,46.71,64.54,41.95,40.81,39.41,43.49,50.32,43.05,40.98,48.57,housing pressure and production planning,35.22,38.46,42.86,2.3,21.15,4.61,21.78,19.4,14.76,17.93
Whiting,Washington,506,46.71,56.64,41.08,55.43,37.83,35.84,59.4,35.7,39.71,38.12,housing pressure and production planning,36.84,33.33,33.94,2.12,17.35,2.97,27.47,17.79,5.34,34.19
Appleton,Knox,1360,46.64,58.16,50.32,45.85,29.27,35.26,54.02,43.48,46.93,45.29,housing pressure and production planning,33.27,85.37,9.39,13.98,18.05,0.0,26.1,15.29,9.66,15.22
Robbinston,Washington,621,46.59,61.87,33.82,49.99,45.29,31.2,59.16,43.88,31.14,44.3,housing pressure and production planning,36.97,60.61,15.38,0.79,3.29,5.12,27.05,14.33,15.18,25.91
Bridgewater,Aroostook,484,46.58,53.38,40.84,52.1,36.98,32.41,61.57,44.63,39.09,45.21,housing pressure and production planning,37.39,38.89,7.02,5.11,7.96,0.0,27.48,17.15,12.03,27.89
Columbia,Washington,529,46.58,62.47,40.12,43.99,36.6,43.91,51.2,44.39,42.31,53.72,housing pressure and production planning,40.51,61.9,12.37,3.18,17.12,2.73,25.9,24.2,13.42,16.82
Houlton,Aroostook,6056,46.48,58.15,39.64,44.53,38.1,32.86,58.24,51.85,35.2,51.36,housing pressure and production planning,32.44,54.74,2.35,7.09,2.49,0.73,24.37,18.03,18.13,20.27
Hammond,Aroostook,65,46.45,34.99,53.97,37.46,37.26,37.3,62.29,62.07,43.8,57.2,"food, household stability, and basic-needs support",12.0,0.0,21.62,12.0,16.13,0.0,7.69,30.77,17.74,30.77
Vanceboro,Washington,122,46.4,50.08,52.12,52.07,38.27,43.68,53.46,33.22,37.76,34.78,transportation equity and last-mile access,42.62,0.0,30.0,4.05,47.46,4.05,40.16,4.1,10.66,12.3
Greenville,Piscataquis,1355,46.38,52.58,41.62,51.83,41.82,29.84,61.09,41.0,39.09,35.9,housing pressure and production planning,31.62,15.45,54.57,2.97,11.11,2.69,34.17,8.19,13.72,23.54
Brooksville,Hancock,853,46.25,70.47,34.81,55.45,34.55,28.81,56.25,36.33,32.81,40.47,housing pressure and production planning,42.86,52.94,45.67,5.38,4.26,1.35,41.62,13.01,8.09,16.06
Dallas,Franklin,220,46.21,50.38,40.46,64.34,36.57,19.57,66.8,36.71,37.66,31.37,"aging-in-place, disability access, and healthcare coordination",41.44,0.0,66.52,9.02,0.0,0.0,43.18,2.27,7.27,25.45
Aurora,Hancock,132,46.19,46.06,51.66,38.43,37.6,43.88,56.79,47.24,43.91,42.67,transportation equity and last-mile access,10.64,33.33,41.18,0.0,39.13,0.0,27.27,26.52,15.15,23.48
Brewer,Penobscot,9652,46.18,58.68,42.32,45.58,31.31,37.61,53.91,47.87,43.71,52.76,housing pressure and production planning,37.57,55.7,1.43,10.73,7.74,0.09,22.41,20.93,12.5,19.13
Penobscot Indian Island Reservation,Penobscot,470,46.12,38.05,47.03,53.2,41.27,24.01,68.52,48.25,36.45,37.44,"aging-in-place, disability access, and healthcare coordination",24.21,21.74,0.89,8.82,6.08,0.98,25.11,9.57,13.75,34.37
Unity UT,Kennebec,36,46.08,5.72,64.57,62.45,50.58,29.63,67.03,39.26,53.44,23.43,transportation equity and last-mile access,0.0,0.0,0.0,14.29,64.29,14.29,38.89,11.11,0.0,30.56
Caswell,Aroostook,243,46.06,43.0,46.63,33.32,41.68,41.67,55.4,64.33,39.89,66.09,"child, family, and school-adjacent services",23.96,12.2,2.58,9.01,10.53,2.7,15.23,28.81,31.69,13.99
Carrabassett Valley,Franklin,637,46.05,55.56,48.81,55.5,30.27,13.35,62.28,41.07,42.37,30.12,housing pressure and production planning,14.84,53.85,81.54,20.44,3.12,0.83,42.7,7.85,3.95,14.6
Old Orchard Beach,York,9244,46.02,65.76,37.45,48.31,36.3,29.92,56.6,40.03,38.5,36.72,housing pressure and production planning,35.59,50.71,22.54,3.57,5.96,0.13,33.51,6.49,14.92,18.76
Solon,Somerset,963,46.01,47.18,49.05,45.39,37.55,47.74,52.46,37.85,51.7,42.11,climate-smart mobility and compact growth,35.98,14.63,22.19,1.4,40.69,3.5,23.88,17.24,10.68,23.36
Smyrna,Aroostook,380,46.0,40.57,52.11,38.07,32.74,38.37,54.85,64.13,44.71,69.89,"child, family, and school-adjacent services",26.02,0.0,8.67,21.54,7.8,2.31,10.79,33.16,15.79,14.47
Sedgwick,Hancock,1274,45.97,59.1,38.78,46.68,40.39,31.58,58.53,44.88,31.92,41.76,housing pressure and production planning,28.6,47.06,20.33,1.41,9.23,1.1,36.5,14.29,16.9,17.5
Portland,Cumberland,68854,45.94,68.11,41.66,40.87,19.13,55.67,37.33,44.12,69.07,51.06,climate-smart mobility and compact growth,41.49,51.32,5.16,15.4,6.59,0.09,16.87,15.36,11.21,12.66
Sumner,Oxford,845,45.9,67.5,45.52,44.56,28.81,46.91,45.35,30.42,53.76,40.53,housing pressure and production planning,41.98,100.0,34.05,3.5,35.22,1.62,29.7,17.16,5.8,13.85
Fort Fairfield,Aroostook,3309,45.83,61.87,38.98,51.54,33.2,29.17,57.7,41.51,36.6,42.95,housing pressure and production planning,38.89,73.58,13.26,8.42,4.35,0.0,30.86,13.48,10.28,20.76
Islesboro,Waldo,636,45.77,60.86,35.33,51.76,40.43,25.12,60.5,43.79,28.1,40.67,housing pressure and production planning,32.91,30.77,51.93,3.94,0.0,1.52,40.57,11.16,15.09,16.82
Orono,Penobscot,11902,45.7,71.91,37.42,32.97,34.52,38.17,47.96,49.82,43.37,53.14,housing pressure and production planning,46.29,58.06,1.43,7.16,3.56,0.0,11.43,6.84,24.88,11.42
Otisfield,Oxford,1951,45.7,66.86,44.11,41.51,30.2,40.33,49.53,37.11,46.99,41.4,housing pressure and production planning,35.01,77.27,35.53,4.73,23.97,0.0,23.68,16.09,10.3,17.99
East Machias,Washington,1223,45.69,68.73,34.88,40.65,35.78,38.67,51.28,46.97,35.67,55.42,housing pressure and production planning,40.72,56.36,21.34,3.8,7.18,1.52,19.38,23.3,15.91,18.48
Westfield,Aroostook,389,45.68,46.71,35.76,57.44,43.55,31.99,64.1,40.91,33.15,41.84,"aging-in-place, disability access, and healthcare coordination",50.42,0.0,10.42,0.0,3.92,2.17,27.25,8.74,13.88,34.19
Enfield,Penobscot,1462,45.62,64.23,38.98,50.02,31.2,37.49,53.59,35.48,43.03,42.26,housing pressure and production planning,42.05,58.33,24.19,3.51,16.16,0.0,27.98,18.47,6.84,23.96
Cooper,Washington,157,45.56,51.02,43.53,39.21,40.38,42.32,54.62,47.36,40.72,48.18,housing pressure and production planning,33.33,0.0,43.98,0.0,20.27,1.25,22.93,16.56,20.38,19.11
Strong,Franklin,1249,45.56,54.91,45.13,41.94,32.92,42.06,51.94,44.79,45.92,50.6,housing pressure and production planning,38.26,20.93,20.65,6.59,19.45,0.4,22.02,19.54,13.93,17.21
Trenton,Hancock,1599,45.51,69.21,40.9,34.62,32.74,40.03,47.78,46.8,41.91,51.64,housing pressure and production planning,31.94,50.33,29.92,5.13,15.97,0.0,25.45,20.08,18.24,7.63
Acton,York,2721,45.5,61.45,49.35,42.1,29.17,41.59,49.45,32.9,52.53,33.96,housing pressure and production planning,29.41,100.0,51.17,4.5,35.66,0.0,26.17,13.12,7.82,18.82
Penobscot,Hancock,1154,45.46,65.9,38.16,41.08,36.3,40.55,49.77,41.77,40.28,47.24,housing pressure and production planning,36.75,73.91,23.23,0.75,16.87,1.51,31.98,18.02,16.03,11.09
Harrison,Cumberland,2513,45.43,54.61,41.96,41.45,43.02,35.33,55.07,43.28,39.7,38.49,housing pressure and production planning,26.68,27.52,27.64,0.39,17.11,3.55,29.81,9.07,19.1,16.67
Beddington,Washington,38,45.4,37.4,51.21,66.01,35.26,32.61,64.63,21.47,46.98,14.0,"aging-in-place, disability access, and healthcare coordination",35.0,0.0,92.05,0.0,33.33,0.0,47.37,0.0,0.0,44.74
Wales,Androscoggin,1924,45.29,61.63,39.3,27.76,37.09,46.53,49.01,57.63,37.06,64.61,"child, family, and school-adjacent services",30.68,83.33,6.96,1.81,13.87,0.0,10.97,30.2,25.28,14.86
Oxford,Oxford,4333,45.17,59.22,45.39,39.13,29.85,35.18,51.6,46.33,47.23,47.86,housing pressure and production planning,27.25,47.26,19.98,11.52,14.13,0.0,19.02,19.59,12.45,16.82
Rockland,Knox,7035,45.15,60.75,38.9,48.9,30.46,30.84,54.73,43.76,40.22,47.98,housing pressure and production planning,41.31,57.63,3.55,11.81,1.84,0.0,25.36,15.47,10.39,18.72
Washburn,Aroostook,1355,45.12,46.4,42.45,47.65,35.64,32.05,60.26,48.84,38.43,48.59,"food, household stability, and basic-needs support",29.4,33.33,4.02,7.92,7.44,0.0,23.99,21.7,12.74,25.93
Webster,Penobscot,85,45.1,29.38,54.9,38.17,44.3,25.81,67.36,56.44,35.54,36.41,"food, household stability, and basic-needs support",9.76,0.0,4.0,8.33,14.29,0.0,14.12,3.53,31.76,29.41
Westmanland,Aroostook,108,45.09,37.87,39.69,62.72,51.73,20.98,66.3,35.76,30.91,25.94,"aging-in-place, disability access, and healthcare coordination",25.58,0.0,48.31,4.35,5.88,10.87,36.11,3.7,6.6,39.81
Kingfield,Franklin,820,44.98,51.35,45.39,41.44,36.28,30.16,56.79,47.89,40.41,42.68,housing pressure and production planning,19.41,27.66,29.31,8.43,12.53,0.89,28.41,15.85,15.61,16.1
Jonesport,Washington,1166,44.93,65.9,33.89,44.99,36.85,32.79,52.78,42.13,36.41,46.99,housing pressure and production planning,38.99,57.41,21.1,4.04,5.11,2.5,26.5,16.72,13.55,17.69
Sangerville,Piscataquis,1136,44.92,57.1,38.82,45.28,37.71,31.99,56.76,41.59,38.76,40.37,housing pressure and production planning,31.38,42.55,20.22,2.8,11.09,1.4,24.12,14.08,13.47,24.91
Corinna,Penobscot,2192,44.86,48.6,46.19,35.82,37.49,43.35,52.41,47.18,46.64,47.23,housing pressure and production planning,24.2,43.43,4.53,1.9,24.8,1.34,19.02,20.99,17.75,20.12
Columbia Falls,Washington,475,44.82,52.11,39.65,46.02,42.5,39.43,52.79,39.07,40.83,41.81,housing pressure and production planning,32.26,58.82,5.52,0.0,19.63,6.1,30.11,16.84,12.42,19.37
Canton,Oxford,1191,44.8,62.95,39.73,45.68,29.39,41.87,49.01,36.41,47.02,46.76,housing pressure and production planning,44.3,88.89,15.18,4.13,19.49,0.0,27.71,20.4,8.37,16.83
Byron,Oxford,174,44.76,36.9,50.01,42.47,51.06,35.44,57.72,37.36,44.25,25.37,broadband and digital equity,17.39,0.0,64.79,0.0,30.61,10.11,14.37,1.15,14.94,32.76
Palmyra,Somerset,2209,44.67,58.72,41.7,41.37,27.57,41.91,49.03,45.35,47.34,57.04,housing pressure and production planning,38.85,47.22,9.39,10.07,14.58,0.0,16.75,29.24,9.1,18.7
Dixfield,Oxford,2300,44.62,55.72,44.63,40.13,31.4,38.3,51.17,44.44,44.62,48.1,housing pressure and production planning,35.11,48.0,0.89,8.46,16.73,0.0,21.09,16.87,14.02,15.59
Unity,Waldo,1858,44.6,63.89,41.29,35.66,31.7,32.48,50.94,48.22,41.61,50.31,housing pressure and production planning,34.93,44.76,14.62,11.15,7.06,0.0,11.84,13.99,17.3,16.09
Southwest Harbor,Hancock,1553,44.59,71.26,34.9,46.93,29.85,27.52,52.62,39.32,36.26,44.04,housing pressure and production planning,40.16,50.38,43.86,9.44,1.87,0.0,26.66,14.49,9.26,17.04
Harmony,Somerset,974,44.56,59.32,39.78,39.68,37.72,41.81,50.22,40.88,38.76,45.18,housing pressure and production planning,36.22,43.48,16.2,0.0,20.37,2.44,22.9,16.43,15.81,17.97
Sanford,York,22247,44.49,53.26,43.12,43.06,29.17,46.33,48.24,40.5,53.66,45.34,climate-smart mobility and compact growth,35.3,45.47,2.41,5.93,19.18,0.49,20.77,19.33,10.29,21.56
Burnham,Waldo,953,44.37,63.21,35.6,41.98,36.75,31.9,53.73,41.63,37.51,42.45,housing pressure and production planning,30.46,60.87,28.57,2.43,9.14,1.7,22.25,16.79,13.64,22.56
Industry,Franklin,988,44.33,66.23,42.02,40.39,27.78,50.92,42.79,32.92,47.28,47.68,housing pressure and production planning,44.28,65.85,27.1,1.68,32.15,1.12,22.27,24.39,6.88,15.89
Poland,Androscoggin,5954,44.33,69.53,34.63,36.13,31.67,45.71,45.03,42.61,42.94,54.53,housing pressure and production planning,46.53,61.56,15.33,1.09,14.39,0.0,17.75,21.38,16.64,14.48
Parkman,Piscataquis,896,44.21,40.78,49.91,38.73,37.95,45.42,49.65,43.5,50.89,46.47,climate-smart mobility and compact growth,27.4,4.44,21.1,5.81,30.0,5.12,19.87,19.42,13.31,16.87
Sullivan,Hancock,1246,44.14,61.08,37.45,41.48,33.72,39.91,50.21,40.05,41.43,46.86,housing pressure and production planning,40.84,34.92,23.09,1.69,15.71,0.56,22.47,17.98,13.64,18.86
Winter Harbor,Hancock,493,44.12,62.48,35.15,59.02,32.96,22.6,58.65,27.63,34.92,25.45,housing pressure and production planning,36.59,66.67,39.23,3.11,7.79,0.0,47.26,5.68,3.87,20.69
Vinalhaven,Knox,1216,43.85,62.12,34.31,53.51,34.75,26.83,54.43,31.96,37.78,32.11,housing pressure and production planning,32.47,53.62,42.01,2.39,8.92,1.59,50.41,11.18,7.35,11.69
New Sweden,Aroostook,494,43.73,36.45,40.2,46.31,41.77,35.05,59.36,49.45,36.76,48.78,"food, household stability, and basic-needs support",25.89,15.79,2.3,2.45,10.12,2.45,30.77,23.08,15.99,21.86
Washington,Knox,1624,43.65,54.29,42.39,38.17,35.56,35.64,51.92,42.27,41.34,41.17,housing pressure and production planning,27.01,55.26,9.52,3.95,18.02,1.32,21.31,14.16,15.31,18.54
Dover-Foxcroft,Piscataquis,4506,43.62,59.27,36.39,39.73,32.78,34.72,51.57,46.57,38.25,50.9,housing pressure and production planning,33.51,37.31,20.54,6.11,6.1,0.0,21.42,21.19,15.12,17.16
Bath,Sagadahoc,8815,43.6,58.12,41.07,41.03,29.24,39.46,47.76,40.27,47.17,45.78,housing pressure and production planning,38.23,51.26,2.65,7.29,15.41,0.0,25.23,15.5,12.37,12.62
East Central Penobscot UT,Penobscot,307,43.6,36.46,44.23,41.18,37.24,41.75,57.52,48.55,40.85,48.81,"child, family, and school-adjacent services",18.1,0.0,42.8,0.0,22.33,0.0,23.45,31.6,13.68,28.01
Princeton,Washington,866,43.53,51.06,36.99,39.45,37.04,35.7,54.57,49.83,35.55,52.75,"child, family, and school-adjacent services",25.17,57.69,5.51,3.49,8.45,1.34,19.75,28.18,15.3,22.86
Northport,Waldo,1621,43.46,60.14,35.56,51.57,32.93,30.46,53.24,31.78,39.47,34.48,housing pressure and production planning,35.12,56.76,26.98,2.85,12.2,1.42,39.17,13.88,5.93,17.93
Machiasport,Washington,1016,43.38,56.93,36.63,41.75,36.7,32.06,53.39,40.9,38.78,40.17,housing pressure and production planning,30.89,36.67,23.23,1.32,11.03,0.66,29.82,12.8,15.89,16.4
Sebago,Cumberland,2073,43.35,63.23,43.57,30.64,30.27,45.79,43.13,37.81,50.27,42.98,housing pressure and production planning,27.73,53.26,38.86,1.19,31.41,0.59,17.37,19.78,13.69,14.09
New Sharon,Franklin,1550,43.3,61.25,41.04,39.54,27.96,44.81,44.13,35.84,48.61,47.18,housing pressure and production planning,42.36,60.98,11.82,4.47,24.43,0.5,23.81,20.0,9.61,12.19
Norridgewock,Somerset,3288,43.3,53.61,38.22,37.46,39.05,30.14,55.66,46.07,35.17,39.62,housing pressure and production planning,23.46,53.41,6.39,1.15,9.14,0.0,24.97,10.52,20.87,18.43
Weld,Franklin,459,43.29,35.65,38.17,58.36,40.81,28.49,63.17,36.87,37.04,33.08,"aging-in-place, disability access, and healthcare coordination",24.85,0.0,69.13,0.0,11.48,2.63,44.44,17.86,6.54,27.89
Easton,Aroostook,1433,43.27,47.06,42.88,39.29,36.57,30.76,54.26,49.92,36.14,47.5,"food, household stability, and basic-needs support",17.6,41.27,10.0,9.58,9.56,2.58,25.75,21.21,15.07,14.45
Winthrop,Kennebec,6191,43.24,59.77,39.38,37.03,30.03,41.72,46.62,41.66,45.09,48.11,housing pressure and production planning,31.61,50.8,18.34,3.89,18.35,0.0,23.42,22.89,12.89,13.99
Stockholm,Aroostook,222,43.22,55.12,37.68,42.27,36.91,25.4,54.29,45.02,36.46,43.64,housing pressure and production planning,26.61,57.14,10.37,10.0,2.44,3.64,21.17,14.41,13.06,18.47
Vassalboro,Kennebec,4592,43.19,56.27,38.94,39.64,30.63,39.56,49.4,42.82,42.49,49.36,housing pressure and production planning,33.97,54.77,7.78,5.1,14.63,0.0,20.27,23.3,12.02,18.74
Clifton,Penobscot,1111,43.18,61.08,38.31,42.07,31.46,40.17,46.91,34.3,45.03,42.85,housing pressure and production planning,42.16,81.25,13.48,3.36,19.85,2.01,21.15,16.02,9.18,18.27
Alfred,York,3125,43.1,58.87,39.5,43.27,28.04,41.0,46.89,35.99,46.22,45.99,housing pressure and production planning,44.52,82.21,3.14,5.6,18.42,0.0,25.38,17.7,9.03,14.46
Cutler,Washington,492,43.09,33.94,46.2,44.62,35.29,38.48,56.23,44.79,45.69,44.82,transportation equity and last-mile access,21.23,0.0,23.64,4.44,21.72,0.89,30.08,25.2,10.98,21.34
Gardiner,Kennebec,6088,43.07,52.93,42.97,40.87,29.24,38.84,48.27,40.08,48.32,45.57,housing pressure and production planning,36.55,44.56,0.36,8.97,17.22,0.88,19.73,16.57,10.45,16.43
Hancock,Hancock,2518,43.0,52.17,40.36,46.55,34.2,33.77,53.16,34.24,40.96,34.04,housing pressure and production planning,28.92,41.95,21.78,2.53,18.97,1.74,30.22,13.86,8.18,21.88
Franklin,Hancock,1628,42.92,55.66,39.17,38.28,35.86,37.41,50.3,41.46,35.75,43.03,housing pressure and production planning,29.74,36.71,21.99,1.52,17.27,1.38,25.55,16.28,15.72,15.48
Square Lake UT,Aroostook,751,42.9,29.96,47.25,56.59,40.99,23.44,65.45,35.18,31.82,21.66,"aging-in-place, disability access, and healthcare coordination",13.73,0.0,64.45,4.36,18.09,3.2,39.15,7.32,6.07,31.03
Cornish,York,1803,42.8,58.55,44.4,38.86,26.29,47.81,42.01,31.1,53.92,43.08,housing pressure and production planning,42.96,48.8,11.01,4.85,32.62,1.35,17.42,18.19,6.27,16.25
Newry,Oxford,177,42.74,52.14,33.0,55.86,40.3,33.21,51.63,27.49,40.46,33.19,"aging-in-place, disability access, and healthcare coordination",38.57,25.0,93.98,0.0,14.71,7.69,42.37,13.56,3.39,18.08
Brooks,Waldo,1208,42.69,39.7,44.46,35.99,37.14,33.95,56.1,49.86,40.62,45.04,"food, household stability, and basic-needs support",20.49,17.98,7.96,5.0,14.7,0.0,16.97,17.05,19.06,22.1
Embden,Somerset,995,42.69,47.66,41.2,44.72,33.86,37.67,51.29,36.79,44.83,39.55,housing pressure and production planning,35.75,0.0,51.42,2.29,20.11,0.69,34.57,13.17,12.21,13.37
Camden,Knox,5242,42.64,56.9,35.62,47.2,31.42,33.39,49.7,38.11,39.15,44.03,housing pressure and production planning,35.66,39.94,19.35,6.43,8.51,1.58,38.0,18.43,8.95,9.87
Beaver Cove,Piscataquis,394,42.61,36.44,39.3,51.92,44.17,17.34,66.95,42.07,26.31,24.6,"aging-in-place, disability access, and healthcare coordination",13.75,0.0,46.15,0.0,4.39,0.0,70.05,2.54,17.51,19.54
Temple,Franklin,824,42.6,58.84,38.37,34.79,31.31,44.37,44.77,43.2,39.8,54.38,housing pressure and production planning,29.1,73.33,24.81,4.2,20.33,2.67,15.05,32.77,10.16,17.96
Farmingdale,Kennebec,3017,42.58,59.18,36.5,38.26,30.42,40.24,46.74,41.91,41.32,51.08,housing pressure and production planning,39.81,58.63,4.1,4.31,13.37,0.0,22.77,21.31,13.77,12.8
Vienna,Kennebec,536,42.52,51.11,46.81,33.78,33.04,42.39,47.17,36.79,46.98,36.61,housing pressure and production planning,22.83,28.57,40.6,1.23,37.36,1.23,20.52,15.11,13.25,16.98
Hallowell,Kennebec,2592,42.44,52.97,36.84,50.21,30.36,29.66,52.32,37.22,40.09,42.67,housing pressure and production planning,42.2,37.05,3.37,9.54,5.31,0.93,33.18,13.23,7.81,14.03
Biddeford,York,22498,42.43,56.22,38.69,35.97,28.54,41.26,44.98,44.08,48.67,48.03,housing pressure and production planning,34.82,37.21,6.81,8.02,9.85,0.09,17.14,15.65,15.48,13.94
Brownfield,Oxford,1830,42.43,58.39,42.55,35.41,26.85,45.21,43.23,37.63,47.95,47.63,housing pressure and production planning,30.94,61.82,23.54,5.1,27.54,0.75,18.47,26.67,8.09,15.3
Greenbush,Penobscot,1378,42.43,56.35,39.12,40.28,31.01,40.04,48.93,35.0,42.94,40.41,housing pressure and production planning,36.54,56.76,11.45,0.9,22.14,0.0,19.09,17.13,10.21,23.0
Bucksport,Hancock,5016,42.4,54.06,36.92,48.85,29.36,31.18,52.39,38.75,35.88,44.68,housing pressure and production planning,39.23,48.95,0.59,9.77,5.5,0.72,26.57,17.86,6.71,19.48
Somerville,Lincoln,837,42.39,64.87,31.81,30.54,35.58,44.73,42.56,45.13,38.86,57.56,housing pressure and production planning,35.8,65.71,21.5,0.0,14.24,3.47,13.74,28.79,16.97,13.5
Freedom,Waldo,670,42.38,41.73,43.11,39.75,37.28,42.65,48.85,41.02,45.84,45.94,"child, family, and school-adjacent services",28.15,21.05,12.5,3.38,24.38,4.89,22.09,22.24,11.49,17.91
Fryeburg,Oxford,3489,42.35,61.36,33.31,44.92,32.37,29.07,52.77,36.73,33.34,38.48,housing pressure and production planning,35.89,52.78,20.02,3.55,6.03,0.0,25.45,12.87,10.7,21.63
Stoneham,Oxford,271,42.29,59.12,34.85,49.46,36.79,26.94,52.52,27.65,37.18,25.16,housing pressure and production planning,29.36,66.67,60.86,0.0,14.81,3.39,40.96,5.9,7.38,16.61
Pittsfield,Somerset,3930,42.26,57.41,37.3,34.12,30.47,37.42,46.56,47.0,42.93,54.32,housing pressure and production planning,34.24,50.53,1.59,8.26,8.81,0.61,15.22,22.49,15.54,12.92
Bethel,Oxford,2617,42.24,53.06,39.43,39.35,32.73,35.19,50.18,40.01,41.4,40.93,housing pressure and production planning,28.27,21.28,34.24,3.1,16.35,0.0,29.35,15.86,13.92,13.53
Cambridge,Somerset,532,42.24,48.91,39.14,39.77,32.25,46.67,47.64,39.18,44.24,50.32,"child, family, and school-adjacent services",48.13,0.0,17.2,0.43,21.99,0.0,18.61,19.17,14.1,18.61
Casco,Cumberland,3696,42.23,56.22,40.69,40.09,31.96,34.35,50.35,33.95,41.6,32.01,housing pressure and production planning,25.92,39.71,40.77,1.44,21.72,0.0,26.33,11.31,10.98,19.61
Kittery,York,10473,42.2,50.76,40.24,47.92,26.85,31.42,51.37,38.11,43.48,41.51,housing pressure and production planning,36.06,38.83,4.41,12.07,7.77,0.0,26.9,14.73,6.36,17.74
Monroe,Waldo,1001,42.19,49.05,41.21,37.39,33.44,40.43,47.63,40.83,46.77,45.71,housing pressure and production planning,25.87,50.94,6.17,3.79,22.0,2.61,22.58,23.68,11.29,16.08
South Aroostook UT,Aroostook,767,42.1,63.65,34.15,34.6,28.36,34.99,47.65,48.97,31.12,58.68,housing pressure and production planning,28.79,46.88,31.72,9.09,4.48,0.0,13.04,37.16,11.82,17.47
Cranberry Isles,Hancock,196,42.09,69.48,40.39,39.37,20.86,33.47,42.81,36.27,40.69,47.37,housing pressure and production planning,39.02,71.43,69.02,15.48,13.08,0.0,19.9,19.39,4.59,8.67
Stockton Springs,Waldo,1652,42.09,49.98,37.58,42.03,36.01,35.33,51.13,38.46,40.39,40.03,housing pressure and production planning,34.08,30.11,11.27,1.14,15.12,1.4,30.21,12.53,14.55,14.88
Stacyville,Penobscot,465,42.08,54.3,37.9,41.09,32.05,33.75,51.45,38.35,39.09,41.0,housing pressure and production planning,33.88,60.0,6.09,3.7,13.98,0.0,20.65,15.48,11.61,21.51
Leeds,Androscoggin,2285,42.07,45.72,43.17,27.2,33.39,48.79,44.95,51.16,45.79,58.46,"child, family, and school-adjacent services",25.1,27.08,7.45,2.71,24.33,0.65,14.84,30.59,19.75,11.52
Mariaville,Hancock,724,42.01,67.34,40.44,31.92,26.02,42.86,39.15,35.13,49.09,45.7,housing pressure and production planning,35.4,58.49,35.7,6.19,25.49,1.3,17.68,19.61,9.94,8.29
Brooklin,Hancock,869,41.98,62.26,34.34,44.0,28.89,37.02,47.18,32.32,40.98,41.95,housing pressure and production planning,44.81,29.55,49.0,2.86,14.93,0.26,24.74,16.34,7.72,17.95
Benton,Kennebec,2770,41.95,54.46,34.18,44.45,31.47,31.72,52.34,40.91,35.52,46.51,housing pressure and production planning,37.28,65.67,1.62,6.26,4.79,0.44,20.97,19.89,9.96,22.31
Richmond,Sagadahoc,3566,41.88,53.71,40.88,35.59,27.47,37.16,46.76,45.61,42.76,52.75,housing pressure and production planning,32.59,46.96,1.01,11.13,12.0,0.0,15.56,23.02,12.37,13.41
Roxbury,Oxford,352,41.83,37.32,47.89,40.66,37.28,31.25,55.33,37.46,43.41,28.09,transportation equity and last-mile access,17.53,0.0,62.04,3.66,25.0,1.83,25.57,5.97,13.35,21.59
Naples,Cumberland,3985,41.81,62.43,40.3,36.01,27.52,38.9,44.06,32.96,46.29,37.11,housing pressure and production planning,29.67,59.92,38.15,3.27,24.65,0.0,23.29,15.58,9.51,13.93
Winslow,Kennebec,8023,41.79,55.17,36.63,41.16,29.35,36.08,48.47,38.89,42.74,44.22,housing pressure and production planning,36.46,56.71,2.61,5.75,11.11,0.0,21.76,17.31,10.81,17.96
Friendship,Knox,1213,41.74,53.72,38.78,43.14,31.61,30.19,51.45,36.3,38.24,35.14,housing pressure and production planning,23.33,37.5,37.9,3.8,15.37,0.0,37.26,15.33,9.98,12.7
Long Island,Cumberland,249,41.72,62.99,43.14,39.34,22.81,38.76,42.12,30.83,46.25,39.37,housing pressure and production planning,33.33,88.89,72.58,8.65,26.47,0.0,28.92,18.07,4.42,7.63
Baring,Washington,166,41.64,51.87,33.97,34.41,39.98,32.76,51.27,47.73,32.05,46.88,housing pressure and production planning,27.4,37.5,6.32,0.0,7.06,1.3,28.31,15.06,22.89,9.64
Frankfort,Waldo,1098,41.64,38.76,39.29,41.46,36.41,39.78,52.52,42.88,41.89,47.33,"child, family, and school-adjacent services",40.31,0.0,0.96,1.65,15.36,0.82,21.4,15.76,16.37,19.93
Fort Kent,Aroostook,4150,41.62,51.79,37.0,41.3,33.86,31.34,50.57,39.3,40.49,40.69,housing pressure and production planning,30.37,61.23,3.41,6.22,9.77,2.55,20.72,14.55,11.15,19.65
North Oxford UT,Oxford,36,41.59,27.0,53.17,35.11,39.22,37.34,58.89,46.45,28.24,33.5,transportation equity and last-mile access,0.0,0.0,94.52,0.0,57.14,0.0,22.22,19.44,16.67,27.78
Hodgdon,Aroostook,1428,41.58,48.41,36.34,39.56,34.55,30.78,51.23,47.48,36.86,51.1,"child, family, and school-adjacent services",24.55,45.33,4.62,9.26,4.22,3.2,20.66,25.35,12.06,16.81
Baileyville,Washington,1339,41.52,54.39,31.03,38.92,35.92,28.5,53.77,45.93,32.39,46.93,housing pressure and production planning,27.87,67.03,8.71,2.85,0.56,0.47,19.87,20.69,15.83,21.96
Whitefield,Lincoln,2157,41.43,44.1,39.53,46.18,33.52,39.81,49.05,33.49,44.14,40.12,"aging-in-place, disability access, and healthcare coordination",36.95,33.33,1.73,2.62,21.55,3.16,29.07,17.62,7.14,18.44
Sabattus,Androscoggin,5116,41.37,50.93,35.88,45.71,31.48,35.89,50.55,33.72,40.67,38.75,housing pressure and production planning,40.59,38.68,4.12,2.29,14.12,0.55,24.39,13.82,8.8,22.57
Pittston,Kennebec,3093,41.36,49.47,38.69,41.44,30.28,28.18,53.04,42.02,38.61,42.14,housing pressure and production planning,27.27,57.58,1.58,9.38,6.93,0.0,18.53,17.17,10.18,22.15
Castine,Hancock,1362,41.32,70.09,32.04,36.2,30.15,26.33,47.32,38.15,33.7,40.15,housing pressure and production planning,34.69,60.34,43.75,6.53,3.4,0.0,19.9,9.47,14.14,12.92
East Central Washington UT,Washington,573,41.12,47.95,34.75,36.45,39.25,30.43,52.27,44.6,36.43,42.17,housing pressure and production planning,17.42,24.14,38.92,1.1,9.46,2.93,24.43,20.07,16.2,18.21
Wallagrass,Aroostook,514,41.08,41.14,41.53,50.65,30.79,36.7,52.94,28.49,41.99,30.58,"aging-in-place, disability access, and healthcare coordination",29.95,32.0,14.71,0.0,26.56,0.0,39.49,16.93,3.5,21.4
Thomaston,Knox,2769,41.07,54.06,28.73,51.68,31.3,30.24,52.92,34.41,33.81,42.05,housing pressure and production planning,42.61,60.54,2.13,2.18,2.59,0.0,35.5,19.18,6.61,19.99
Canaan,Somerset,2063,41.06,47.16,40.71,35.8,30.21,40.63,46.49,42.49,43.8,49.49,"child, family, and school-adjacent services",32.69,24.27,10.41,5.99,18.47,0.67,18.81,22.2,12.92,14.2
Steuben,Washington,1388,41.0,48.79,40.19,38.76,35.5,42.6,42.26,32.57,48.91,41.43,climate-smart mobility and compact growth,30.82,26.32,28.11,4.67,26.8,8.48,15.92,20.39,5.44,18.23
Central Somerset UT,Somerset,333,40.98,30.86,48.01,51.74,33.58,34.36,54.03,26.89,48.31,22.04,"aging-in-place, disability access, and healthcare coordination",19.23,0.97,37.14,1.38,66.85,1.84,57.66,10.51,3.6,15.02
Greenwood,Oxford,781,40.97,51.47,45.52,35.91,28.19,40.29,44.32,30.47,50.67,32.51,housing pressure and production planning,27.0,29.03,56.46,3.17,38.51,0.58,23.94,12.42,8.68,13.96
Woodville,Penobscot,198,40.92,36.35,48.29,43.28,29.74,39.77,52.07,29.35,49.95,29.82,climate-smart mobility and compact growth,34.41,0.0,20.0,3.12,39.81,0.0,11.62,9.6,5.64,43.43
Jonesboro,Washington,570,40.84,59.86,29.51,37.74,34.3,32.2,48.16,39.47,36.12,45.73,housing pressure and production planning,38.93,55.1,8.67,2.24,4.76,1.87,15.44,16.32,14.04,19.86
Veazie,Penobscot,1847,40.83,56.54,35.08,42.5,26.24,31.43,47.62,37.85,41.16,46.42,housing pressure and production planning,39.89,55.29,3.28,10.07,6.42,0.0,21.39,18.73,7.46,15.48
Garfield,Aroostook,77,40.78,43.93,29.47,60.36,31.76,27.66,58.46,29.31,35.8,36.6,"aging-in-place, disability access, and healthcare coordination",50.0,0.0,22.58,2.08,2.56,0.0,31.17,15.58,1.3,37.66
Surry,Hancock,1836,40.72,55.94,37.58,40.97,28.55,34.48,47.07,31.02,43.59,33.95,housing pressure and production planning,27.5,65.79,27.41,2.02,21.03,0.0,30.94,16.56,7.03,15.41
Castle Hill,Aroostook,281,40.7,53.94,28.35,55.33,32.39,23.99,53.77,30.62,33.33,35.28,"aging-in-place, disability access, and healthcare coordination",39.2,75.0,9.64,3.55,0.79,1.42,44.84,14.23,4.27,15.66
Randolph,Kennebec,1610,40.68,33.74,40.65,42.81,36.77,28.21,57.54,44.59,34.83,39.1,"food, household stability, and basic-needs support",23.54,11.31,1.75,4.91,9.18,0.13,27.76,12.73,15.67,20.19
Livermore,Androscoggin,1868,40.65,55.7,37.67,39.09,28.29,38.33,45.05,31.73,45.32,38.04,housing pressure and production planning,33.79,75.0,16.19,2.16,22.3,0.36,24.79,17.02,8.04,15.85
Cornville,Somerset,1419,40.55,37.73,47.92,34.77,29.41,35.94,48.74,42.82,47.87,42.38,transportation equity and last-mile access,21.04,15.15,11.66,10.16,22.59,0.44,18.82,17.34,12.21,14.18
Kennebunkport,York,3684,40.55,47.17,40.15,48.7,29.05,26.98,52.45,28.83,42.92,26.0,"aging-in-place, disability access, and healthcare coordination",27.05,25.83,30.44,5.68,16.58,0.0,36.94,7.95,4.57,17.81
Rangeley,Franklin,81,40.53,15.01,30.0,72.0,79.99,10.03,65.99,28.0,0.03,10.0,broadband and digital equity,0.0,0.0,87.16,0.0,0.0,41.3,100.0,0.0,0.0,50.62
Bradford,Penobscot,1254,40.41,52.36,40.66,35.55,29.12,43.55,41.28,33.44,46.97,42.68,housing pressure and production planning,34.62,87.5,4.69,3.78,27.49,2.52,21.45,18.9,9.01,11.24
Lake View,Piscataquis,181,40.38,60.0,30.74,51.44,35.7,24.56,49.05,20.66,37.04,20.59,housing pressure and production planning,34.69,100.0,80.34,0.0,13.1,5.0,43.65,1.66,3.87,13.81
Carmel,Penobscot,2941,40.36,52.69,34.22,36.58,31.67,32.46,48.68,42.2,36.68,46.19,housing pressure and production planning,31.8,56.43,0.37,5.41,7.21,0.63,16.49,18.63,13.6,18.29
Lyman,York,4612,40.26,52.18,34.29,41.99,30.96,35.29,47.51,32.74,42.48,37.57,housing pressure and production planning,35.12,37.7,16.14,1.45,15.22,1.02,26.06,15.22,8.95,18.32
Oakland,Kennebec,6309,40.26,55.93,35.42,37.39,26.11,38.28,44.35,37.25,43.25,46.18,housing pressure and production planning,33.46,65.73,13.34,5.62,14.54,0.0,18.21,23.84,8.07,17.35
Anson,Somerset,2331,40.25,35.76,45.89,36.76,30.83,43.82,46.54,37.11,51.24,41.43,climate-smart mobility and compact growth,25.08,20.59,7.59,3.97,30.98,2.03,18.28,22.05,8.75,19.76
Caratunk,Somerset,101,40.22,29.5,47.25,56.73,31.55,30.08,57.11,20.1,46.75,12.62,"aging-in-place, disability access, and healthcare coordination",22.64,0.0,69.86,0.0,36.36,0.0,58.42,3.96,0.0,22.77
Beals,Washington,498,40.12,39.19,35.83,45.13,37.55,30.17,52.59,39.29,35.17,40.58,"aging-in-place, disability access, and healthcare coordination",29.1,7.41,17.7,4.48,8.99,4.04,30.12,16.06,10.84,17.07
Georgetown,Sagadahoc,1012,40.1,61.7,31.93,42.52,28.02,32.19,45.86,28.64,40.61,34.41,housing pressure and production planning,33.85,71.64,49.36,1.03,15.13,0.0,33.1,15.71,6.32,13.83
Lakeville,Penobscot,99,40.06,27.76,45.98,51.46,35.89,24.5,60.79,27.8,40.28,13.79,"aging-in-place, disability access, and healthcare coordination",13.11,0.0,82.94,0.0,25.64,0.0,41.41,3.03,6.06,27.27
Roque Bluffs,Washington,369,40.05,65.86,25.79,37.71,32.92,34.0,43.89,37.36,30.11,47.81,housing pressure and production planning,35.16,80.0,34.72,0.71,5.7,2.86,26.29,24.12,11.17,11.65
Bowerbank,Piscataquis,211,39.98,54.86,36.84,44.52,33.46,30.89,46.52,22.01,43.0,21.64,housing pressure and production planning,26.74,100.0,71.2,0.0,24.76,4.44,33.65,6.64,3.79,17.06
Brunswick,Cumberland,22336,39.9,55.85,33.91,40.34,23.76,40.35,41.51,34.3,48.78,43.01,housing pressure and production planning,39.32,56.38,1.73,6.84,10.74,0.0,22.95,17.24,7.7,13.74
Palermo,Waldo,1473,39.88,67.7,28.13,41.27,27.85,36.01,41.79,27.49,39.27,40.45,housing pressure and production planning,44.69,65.62,33.1,1.67,12.96,2.28,21.18,18.06,4.76,17.31
Northeast Somerset UT,Somerset,516,39.84,37.0,35.14,60.05,35.53,19.72,61.51,25.7,29.83,18.24,"aging-in-place, disability access, and healthcare coordination",29.74,0.0,76.39,0.0,9.3,0.0,55.81,2.71,4.07,24.61
Nashville,Aroostook,12,39.82,15.0,52.0,58.0,36.0,20.0,66.0,22.0,47.2,0.0,"aging-in-place, disability access, and healthcare coordination",0.0,0.0,40.91,0.0,45.45,0.0,50.0,0.0,0.0,50.0
North Haven,Knox,480,39.82,69.86,22.31,42.13,31.42,31.69,42.14,32.59,34.09,46.22,housing pressure and production planning,44.85,47.62,58.86,1.94,1.26,3.4,32.5,19.58,8.75,6.88
Frenchville,Aroostook,971,39.81,38.93,33.42,38.31,41.63,28.75,53.6,45.77,31.64,42.51,"food, household stability, and basic-needs support",21.19,22.45,5.62,0.95,5.14,3.33,28.42,16.17,18.62,15.45
Marshfield,Washington,499,39.76,56.95,28.0,39.88,29.69,37.52,46.6,37.57,34.04,49.8,housing pressure and production planning,38.74,100.0,12.45,0.0,9.0,0.0,20.84,28.46,9.05,20.64
South Oxford UT,Oxford,561,39.73,45.46,40.79,39.4,27.52,40.13,45.24,32.63,46.68,39.72,climate-smart mobility and compact growth,36.0,0.0,41.36,3.69,25.0,0.0,24.6,16.76,8.2,14.62
Linneus,Aroostook,1226,39.68,61.86,32.84,31.32,28.44,28.38,44.37,44.32,33.72,49.44,housing pressure and production planning,23.04,53.85,31.6,10.42,3.21,1.55,15.25,23.98,11.99,11.13
Abbot,Piscataquis,584,39.66,45.15,39.63,33.34,35.48,26.36,50.4,40.66,40.2,34.43,housing pressure and production planning,20.51,6.67,40.47,6.19,11.9,2.06,16.27,6.51,16.44,16.95
Peru,Oxford,1501,39.63,39.61,41.75,37.23,30.57,38.22,47.98,36.6,46.5,38.79,climate-smart mobility and compact growth,22.86,21.74,18.64,2.89,24.71,0.8,21.65,20.79,9.21,19.65
Stetson,Penobscot,1151,39.63,60.03,32.81,33.86,27.09,33.72,44.31,38.79,38.26,46.7,housing pressure and production planning,32.13,73.68,21.33,5.84,10.04,0.0,14.16,22.42,10.35,16.62
East Hancock UT,Hancock,42,39.51,21.86,46.0,42.3,51.41,33.65,49.13,32.22,42.75,22.21,broadband and digital equity,0.0,0.0,94.57,0.0,47.37,15.0,42.86,9.52,9.52,9.52
Phippsburg,Sagadahoc,2238,39.42,54.62,32.43,43.55,29.78,24.96,48.89,31.61,39.81,32.04,housing pressure and production planning,28.06,35.48,34.77,4.67,7.87,0.67,34.41,11.53,7.55,13.05
Bremen,Lincoln,917,39.32,43.47,36.08,42.75,30.08,33.93,48.73,35.86,39.79,40.62,housing pressure and production planning,31.75,0.0,38.77,3.33,14.54,0.0,34.13,18.65,9.38,12.21
Medway,Penobscot,996,39.32,46.28,35.72,37.8,31.47,35.35,47.58,36.85,40.11,40.98,housing pressure and production planning,30.38,44.44,0.0,1.95,16.05,0.65,22.99,18.27,11.4,17.07
Limington,York,4017,39.3,50.77,38.94,39.27,29.7,46.8,37.51,23.76,51.07,36.17,climate-smart mobility and compact growth,40.36,46.23,6.89,1.5,33.46,5.76,22.08,15.63,3.41,13.47
Hartford,Oxford,1314,39.28,61.86,37.31,30.23,23.63,45.49,36.72,29.85,48.56,41.9,housing pressure and production planning,32.9,100.0,34.1,0.95,30.71,0.0,17.88,23.36,7.4,11.57
Limerick,York,3400,39.24,45.7,44.32,33.45,25.93,42.13,42.78,31.33,50.81,35.18,climate-smart mobility and compact growth,23.86,38.78,18.6,3.31,36.77,0.24,17.09,18.68,6.91,18.32
Dresden,Lincoln,1645,39.21,34.63,44.02,38.26,30.98,38.08,46.91,36.29,47.55,38.62,climate-smart mobility and compact growth,25.32,13.16,9.01,5.68,25.23,2.11,24.8,16.96,9.33,14.22
Belmont,Waldo,876,39.2,48.38,34.81,45.14,29.38,31.56,47.59,29.79,41.41,34.57,housing pressure and production planning,30.4,46.34,12.92,3.59,15.81,1.67,33.68,17.24,4.27,15.3
Orland,Hancock,1915,39.18,58.14,32.61,40.09,27.06,34.28,44.0,28.89,41.85,36.03,housing pressure and production planning,36.82,44.95,23.62,1.76,16.38,0.0,27.47,14.83,7.11,14.05
Mars Hill,Aroostook,1398,39.14,38.56,36.85,41.08,32.09,29.28,51.41,42.72,35.46,44.67,"child, family, and school-adjacent services",22.87,30.6,3.21,8.14,7.43,1.77,24.54,22.89,9.56,17.62
Waldoboro,Lincoln,5253,39.04,36.55,39.62,41.23,30.44,27.52,51.5,41.0,40.89,39.82,"aging-in-place, disability access, and healthcare coordination",23.67,20.04,4.09,10.57,7.89,1.16,22.62,15.55,9.63,17.8
Bar Harbor,Hancock,5244,39.03,54.06,34.24,37.99,28.68,25.22,47.35,36.2,39.33,35.55,housing pressure and production planning,24.75,41.61,23.9,7.91,6.24,0.56,25.11,11.92,10.1,12.94
Nobleboro,Lincoln,1906,38.98,60.27,29.44,37.03,29.67,30.54,44.71,34.1,36.27,39.02,housing pressure and production planning,29.77,51.3,28.55,1.79,9.26,0.6,27.91,17.52,10.44,11.75
Lovell,Oxford,1353,38.97,54.93,36.41,34.21,29.5,33.83,44.09,31.92,40.43,33.18,housing pressure and production planning,22.04,45.28,53.82,1.01,21.68,0.67,26.53,15.45,10.01,12.71
Shirley,Piscataquis,234,38.91,38.35,35.0,36.42,37.5,26.37,53.63,44.31,33.19,38.96,"food, household stability, and basic-needs support",16.09,0.0,49.05,2.06,7.08,1.03,26.5,16.24,16.96,17.09
Sweden,Oxford,537,38.89,46.31,39.15,28.4,33.68,46.02,39.31,37.91,42.4,45.75,housing pressure and production planning,27.11,8.33,34.6,0.0,28.97,3.91,20.3,21.79,14.71,7.45
Stow,Oxford,535,38.87,33.86,44.83,39.39,31.47,37.92,47.29,30.81,48.64,29.14,climate-smart mobility and compact growth,16.51,20.0,20.59,0.42,38.52,1.26,37.94,15.7,8.08,11.39
South Thomaston,Knox,1381,38.82,54.18,26.25,49.5,32.1,22.59,51.11,29.03,32.54,32.02,housing pressure and production planning,33.27,63.64,19.46,2.45,1.38,2.13,34.76,13.83,4.23,19.84
Harpswell,Cumberland,5046,38.71,46.33,38.62,43.54,28.81,31.88,46.67,25.73,43.45,24.87,housing pressure and production planning,25.38,24.88,33.53,1.92,23.1,0.77,38.6,8.8,5.56,12.2
Windsor,Kennebec,2690,38.64,47.17,39.5,33.31,25.12,40.88,42.26,34.75,47.64,42.82,climate-smart mobility and compact growth,29.28,46.23,5.4,4.76,24.46,0.0,14.35,23.16,7.52,17.62
Thorndike,Waldo,1403,38.59,45.31,42.84,30.86,19.68,40.27,39.71,44.42,47.2,58.07,"child, family, and school-adjacent services",28.48,36.0,3.06,16.32,17.35,0.0,11.69,49.75,6.49,8.05
Sebec,Piscataquis,547,38.53,35.64,35.85,40.97,39.32,40.89,43.71,31.43,45.19,39.56,climate-smart mobility and compact growth,28.57,0.0,29.3,0.79,24.12,9.84,20.66,21.76,5.3,19.93
Arrowsic,Sagadahoc,597,38.48,33.39,39.02,34.82,33.16,38.79,47.68,43.01,39.73,45.83,"child, family, and school-adjacent services",23.56,0.0,13.82,1.19,19.35,0.0,31.83,22.45,16.08,8.21
Eddington,Penobscot,2223,38.43,42.0,34.38,44.69,29.66,33.91,49.15,30.01,40.64,34.87,"aging-in-place, disability access, and healthcare coordination",37.24,29.25,2.42,1.01,16.06,0.0,26.45,14.35,6.68,21.82
South Portland,Cumberland,26930,38.37,58.15,28.88,40.23,22.12,37.53,39.2,32.32,47.16,42.26,housing pressure and production planning,43.29,55.63,0.81,7.82,3.52,0.25,20.72,14.67,6.94,13.24
Greene,Androscoggin,4417,38.35,48.51,37.55,27.82,27.0,37.6,41.67,42.44,44.21,48.0,housing pressure and production planning,23.85,54.79,0.66,6.6,16.1,0.0,15.1,23.25,13.87,9.97
Ludlow,Aroostook,444,38.34,54.16,30.04,29.22,31.82,33.51,44.31,42.03,35.9,47.57,housing pressure and production planning,26.99,45.45,15.2,2.02,8.44,1.01,12.39,22.75,15.32,16.22
Etna,Penobscot,1252,38.32,48.39,34.65,29.66,31.69,32.24,46.37,41.55,36.85,41.71,housing pressure and production planning,18.71,66.67,9.68,2.03,13.34,0.0,18.45,20.05,15.5,14.92
Wells,York,11713,38.31,55.96,30.59,39.2,27.03,34.5,42.65,29.93,41.67,34.86,housing pressure and production planning,27.96,42.11,43.2,1.22,13.78,0.63,30.97,18.0,6.78,13.01
Mechanic Falls,Androscoggin,3134,38.29,45.69,36.32,33.8,26.97,43.12,42.13,34.64,46.71,44.49,climate-smart mobility and compact growth,33.25,42.86,0.0,1.12,23.5,0.0,16.4,24.09,9.16,17.66
Newburgh,Penobscot,1475,38.29,49.87,33.18,35.07,29.39,36.3,43.89,36.09,38.72,43.33,housing pressure and production planning,33.87,42.86,3.6,2.25,14.64,0.48,21.42,18.85,11.7,13.27
Rome,Kennebec,1215,38.18,57.25,29.04,34.62,29.69,30.35,45.37,34.97,35.12,38.38,housing pressure and production planning,22.99,54.17,42.93,0.0,10.7,0.0,24.69,21.4,10.34,15.83
Wade,Aroostook,244,38.13,21.35,42.21,47.58,37.36,36.55,50.82,29.66,44.03,29.92,"aging-in-place, disability access, and healthcare coordination",22.22,0.0,8.4,0.83,28.09,5.83,34.84,16.39,4.17,20.49
Masardis,Aroostook,258,38.09,57.12,41.14,25.75,26.19,38.34,38.54,27.94,47.43,29.1,housing pressure and production planning,23.3,66.67,30.46,0.97,33.92,0.0,14.34,9.3,11.24,12.4
Jackson,Waldo,567,38.07,33.93,44.26,30.41,31.28,42.77,43.88,37.43,45.34,40.08,climate-smart mobility and compact growth,24.54,6.25,11.04,2.02,30.94,1.21,17.46,17.11,13.76,13.93
Boothbay,Lincoln,3102,38.05,51.11,29.41,45.24,30.45,22.64,50.13,30.41,32.75,30.02,housing pressure and production planning,27.49,30.38,33.56,3.12,4.53,0.59,35.43,11.48,6.79,15.91
North Berwick,York,5129,37.99,54.1,34.53,37.12,22.12,40.47,38.97,29.28,46.78,42.23,housing pressure and production planning,39.35,66.18,7.51,4.94,20.36,0.0,20.9,21.19,4.43,12.67
Wiscasset,Lincoln,3874,37.99,36.9,34.42,47.25,31.02,30.15,51.74,31.05,36.45,33.03,"aging-in-place, disability access, and healthcare coordination",33.05,23.58,1.92,2.59,12.17,0.76,27.98,13.78,5.75,23.89
Bristol,Lincoln,2917,37.91,46.82,30.14,47.48,30.61,24.15,51.17,30.53,30.1,30.36,"aging-in-place, disability access, and healthcare coordination",26.39,23.45,40.75,1.8,6.48,0.0,42.78,13.88,6.42,13.88
Milford,Penobscot,3095,37.87,43.14,37.32,39.47,25.79,21.93,50.35,37.64,40.08,35.99,housing pressure and production planning,18.74,55.56,4.67,12.45,5.55,0.0,17.22,17.12,5.33,21.58
Lincolnville,Waldo,2396,37.86,52.98,29.27,36.44,30.15,29.63,46.01,35.71,34.36,39.27,housing pressure and production planning,28.98,38.74,21.39,1.58,7.53,0.0,26.0,17.03,11.81,13.56
Northwest Piscataquis UT,Piscataquis,259,37.79,40.49,34.54,39.26,34.6,22.79,53.15,35.41,33.17,28.61,housing pressure and production planning,23.0,0.0,83.14,1.87,8.59,0.0,25.87,5.41,13.9,19.69
Eliot,York,7146,37.76,55.49,26.35,44.23,26.04,34.02,43.03,27.23,40.62,38.83,housing pressure and production planning,45.7,55.07,3.44,1.81,8.04,0.49,27.76,16.26,4.8,15.74
Otis,Hancock,705,37.72,52.36,39.92,29.91,24.5,41.52,38.0,27.51,49.05,33.71,housing pressure and production planning,26.57,35.71,56.99,1.02,54.62,0.0,20.85,16.6,7.8,10.73
York,York,13986,37.65,61.07,27.57,37.29,23.71,35.66,39.36,29.6,42.02,38.38,housing pressure and production planning,31.33,56.54,34.22,2.09,11.04,0.0,27.86,21.06,5.79,11.67
Porter,Oxford,1746,37.64,45.61,37.67,32.79,29.37,35.95,43.32,32.8,41.72,35.21,housing pressure and production planning,22.75,43.9,12.4,1.89,23.35,1.26,20.45,16.84,9.76,15.18
Corinth,Penobscot,2990,37.57,42.56,33.81,34.38,28.62,35.81,45.34,39.71,38.95,46.55,"child, family, and school-adjacent services",30.54,23.37,7.91,4.13,12.06,0.0,16.29,23.01,11.44,17.27
Chester,Penobscot,598,37.53,32.98,40.34,34.88,29.22,40.56,45.12,36.38,45.7,42.07,climate-smart mobility and compact growth,25.74,16.67,4.88,2.75,25.4,0.92,18.56,23.41,9.03,18.23
Seboeis,Penobscot,12,37.53,40.6,40.75,51.2,25.5,34.4,45.0,13.0,48.8,16.0,"aging-in-place, disability access, and healthcare coordination",40.0,0.0,85.96,0.0,66.67,0.0,66.67,0.0,0.0,8.33
Central Aroostook UT,Aroostook,268,37.44,34.08,40.92,44.51,25.63,39.41,46.09,22.55,51.42,28.04,climate-smart mobility and compact growth,29.79,0.0,53.9,0.0,36.69,0.0,29.48,17.91,0.0,22.39
Kennebunk,York,11820,37.37,47.65,31.12,40.23,26.44,31.41,44.48,33.25,40.67,37.51,housing pressure and production planning,28.53,37.06,14.49,4.77,8.24,0.19,29.99,17.72,7.33,12.63
Monmouth,Kennebec,4162,37.29,56.82,29.02,33.97,26.35,34.14,41.41,32.71,37.97,41.07,housing pressure and production planning,34.1,54.6,15.84,2.17,11.38,0.0,18.4,19.01,9.3,14.86
St. George,Knox,2606,37.27,46.73,34.72,40.08,29.52,26.11,45.46,30.25,37.96,29.23,housing pressure and production planning,20.68,27.17,36.16,4.79,13.7,1.7,39.22,11.13,7.67,5.87
Frye Island,Cumberland,34,37.11,51.24,26.96,52.23,29.17,25.45,47.17,20.11,32.78,25.64,"aging-in-place, disability access, and healthcare coordination",80.0,0.0,97.04,0.0,7.69,0.0,64.71,0.0,5.88,5.88
Bowdoinham,Sagadahoc,3142,37.09,58.83,26.66,31.79,27.39,38.21,38.26,33.55,37.71,45.98,housing pressure and production planning,43.27,100.0,2.7,0.0,11.13,0.0,21.39,17.5,13.46,7.13
Montville,Waldo,907,37.09,36.3,38.96,33.84,34.02,38.25,42.44,35.97,36.07,40.54,"child, family, and school-adjacent services",24.38,11.11,15.29,4.02,22.85,5.28,21.83,18.19,10.69,10.69
Yarmouth,Cumberland,9053,37.08,52.92,27.96,33.35,26.13,38.77,39.44,36.03,41.16,47.74,housing pressure and production planning,35.26,50.96,3.19,2.25,10.05,0.37,20.24,24.74,10.23,11.53
Deblois,Washington,148,36.89,36.51,38.18,38.86,29.58,34.18,46.41,27.29,45.65,28.23,climate-smart mobility and compact growth,31.25,0.0,22.62,0.0,24.62,0.0,25.68,8.11,8.78,17.57
Verona Island,Hancock,481,36.85,58.49,27.49,31.6,27.52,34.49,38.88,34.07,35.79,44.3,housing pressure and production planning,33.65,100.0,17.79,1.7,10.98,0.85,24.53,20.58,11.43,5.82
Kenduskeag,Penobscot,1333,36.81,39.01,36.56,28.29,29.91,32.97,44.9,43.6,38.24,45.45,"child, family, and school-adjacent services",21.37,27.16,1.47,5.65,12.61,0.0,15.6,20.03,15.9,11.85
Smithfield,Somerset,856,36.75,56.01,31.49,38.2,25.74,27.09,43.07,25.43,37.27,28.03,housing pressure and production planning,28.8,42.86,37.48,2.91,14.67,0.0,29.67,10.05,5.84,11.57
Dyer Brook,Aroostook,275,36.73,50.86,33.72,30.85,24.14,31.42,42.13,35.79,40.84,41.95,housing pressure and production planning,22.43,50.0,19.44,6.9,13.74,0.0,12.36,24.36,6.91,17.09
Mount Desert,Hancock,1671,36.73,55.93,29.17,37.78,25.3,24.89,43.26,31.47,36.0,36.12,housing pressure and production planning,30.07,33.88,57.56,6.65,5.24,0.0,29.14,14.12,7.43,8.08
Westport Island,Lincoln,835,36.68,51.31,28.04,45.87,28.63,20.28,48.92,23.5,35.32,22.58,housing pressure and production planning,30.08,42.86,24.51,1.52,7.0,0.0,35.93,5.87,4.47,16.89
Topsham,Sagadahoc,9706,36.66,43.33,30.81,40.26,26.42,32.47,44.77,33.46,39.19,39.73,housing pressure and production planning,31.23,40.3,0.0,4.76,8.49,0.4,24.38,19.91,6.41,16.81
Ripley,Somerset,436,36.55,40.12,35.44,31.42,31.22,31.63,44.94,35.85,41.17,36.2,climate-smart mobility and compact growth,20.22,11.54,28.83,2.5,17.05,1.5,17.66,16.28,11.89,16.28
Littleton,Aroostook,887,36.53,39.56,31.93,37.48,27.94,32.3,45.45,38.46,36.9,47.02,"child, family, and school-adjacent services",33.53,20.75,1.55,6.65,7.38,0.83,18.49,22.89,8.86,15.9
Mercer,Somerset,718,36.53,36.11,34.53,32.39,33.18,30.35,46.79,39.87,38.03,38.87,"food, household stability, and basic-needs support",14.89,18.52,18.82,2.06,13.54,1.47,25.91,20.06,13.65,12.26
Sandy River,Franklin,90,36.53,29.25,32.64,47.13,36.94,14.4,58.11,32.98,31.87,19.57,"aging-in-place, disability access, and healthcare coordination",9.76,0.0,82.08,0.0,4.76,0.0,54.44,5.56,11.11,14.44
Fairfield,Somerset,6519,36.51,47.7,28.59,34.23,28.9,33.45,42.85,36.03,37.29,42.98,housing pressure and production planning,31.79,42.86,1.9,2.65,7.83,1.04,17.72,19.8,10.87,15.77
Union,Knox,2663,36.49,45.45,31.12,32.98,27.3,38.47,40.73,36.11,39.91,46.62,"child, family, and school-adjacent services",32.14,24.6,14.78,2.08,14.88,0.57,21.37,24.93,10.23,11.17
Prospect,Waldo,923,36.47,40.32,32.9,35.52,29.12,39.04,40.89,34.44,41.87,45.86,"child, family, and school-adjacent services",32.46,31.25,0.79,3.46,17.44,3.19,19.83,25.24,7.28,13.43
Ogunquit,York,1379,36.37,38.74,32.44,50.24,28.9,21.76,50.34,24.2,36.3,23.32,"aging-in-place, disability access, and healthcare coordination",30.82,0.0,64.07,4.05,9.54,0.6,43.58,5.73,3.19,13.13
Plymouth,Penobscot,1319,36.33,53.59,31.26,32.36,22.36,37.61,37.46,31.88,42.44,45.15,housing pressure and production planning,35.73,55.56,8.76,4.93,16.2,0.0,18.42,23.81,6.54,9.82
Exeter,Penobscot,1093,36.32,40.67,41.03,32.49,26.85,35.5,41.47,26.06,49.01,26.01,climate-smart mobility and compact growth,22.46,33.33,14.21,1.57,31.15,0.45,23.88,8.97,8.14,12.35
St. Agatha,Aroostook,842,36.08,41.29,32.11,35.31,30.39,23.05,48.73,36.85,33.62,33.46,housing pressure and production planning,13.78,35.48,20.04,3.76,7.53,0.0,27.32,16.98,10.69,14.96
Woodstock,Oxford,1233,36.08,36.42,33.32,33.81,30.68,32.09,46.61,36.63,38.85,37.85,climate-smart mobility and compact growth,20.09,0.0,50.45,0.42,15.07,0.0,23.28,20.52,11.54,16.83
East Central Franklin UT,Franklin,1074,36.0,30.44,39.23,38.77,29.04,30.76,48.69,29.92,41.02,27.27,climate-smart mobility and compact growth,16.26,0.0,33.64,1.5,23.61,0.0,27.0,15.55,6.05,20.86
Chesterville,Franklin,1397,35.99,40.7,33.09,26.87,28.36,38.18,41.28,41.4,40.42,48.66,"child, family, and school-adjacent services",18.45,21.82,23.42,2.16,16.78,0.65,15.03,31.28,12.03,13.89
Wayne,Kennebec,1101,35.96,50.28,27.79,38.28,28.01,29.68,42.83,27.78,37.36,33.65,housing pressure and production planning,33.82,25.0,28.09,0.56,11.25,0.56,29.25,13.35,7.9,11.63
Connor UT,Aroostook,440,35.95,34.55,40.85,25.44,27.14,46.42,38.75,35.77,47.1,43.27,climate-smart mobility and compact growth,24.48,23.08,1.38,0.0,34.32,0.0,14.09,23.86,12.5,12.5
New Canada,Aroostook,449,35.92,22.41,37.18,35.56,29.16,34.12,49.66,45.2,37.28,49.65,"child, family, and school-adjacent services",17.16,0.0,5.13,6.29,12.35,0.0,16.93,43.65,9.13,21.83
Saco,York,20819,35.84,54.18,26.88,35.45,22.48,36.4,36.43,29.84,45.1,39.98,housing pressure and production planning,37.47,50.31,4.25,5.43,7.06,1.08,18.5,16.73,6.39,12.34
Raymond,Cumberland,4610,35.77,53.5,32.59,31.96,22.3,36.39,37.02,26.97,43.61,35.32,housing pressure and production planning,28.16,38.32,33.11,2.69,21.51,0.0,22.21,19.13,5.33,10.37
Winterport,Waldo,3850,35.76,44.29,29.94,38.11,26.12,40.27,39.14,26.93,43.93,40.77,housing pressure and production planning,45.09,26.77,0.0,0.94,18.09,1.59,19.01,18.03,5.65,15.78
Waterboro,York,8055,35.66,53.69,35.16,26.45,19.73,47.59,30.81,26.09,51.8,40.02,housing pressure and production planning,33.27,50.24,15.72,1.13,31.89,0.0,14.81,22.52,5.96,8.93
Owls Head,Knox,1482,35.65,50.13,26.97,40.02,27.03,25.03,44.08,27.08,38.24,30.87,housing pressure and production planning,29.05,29.85,32.19,2.24,7.78,0.45,31.92,13.56,5.71,12.14
Shapleigh,York,2976,35.65,46.81,34.56,32.81,23.67,37.98,38.61,27.27,43.95,34.69,housing pressure and production planning,25.64,27.27,43.2,1.14,25.4,0.0,24.09,20.67,5.31,11.96
Westbrook,Cumberland,20775,35.64,52.0,26.27,34.84,22.51,35.61,37.51,33.02,43.32,43.05,housing pressure and production planning,37.02,46.06,0.52,6.0,3.74,0.31,18.06,18.51,7.97,12.09
Freeport,Cumberland,8802,35.51,52.77,26.85,34.23,24.65,35.6,37.73,30.57,39.01,40.86,housing pressure and production planning,34.78,61.98,6.57,1.91,10.88,0.27,26.71,19.37,8.55,7.14
Perham,Aroostook,326,35.36,41.26,27.8,42.12,28.64,27.54,45.69,27.66,39.43,33.55,"aging-in-place, disability access, and healthcare coordination",28.57,33.33,15.47,2.24,9.79,2.24,24.54,19.63,2.45,21.17
Turner,Androscoggin,5891,35.36,46.0,27.39,42.77,25.19,33.06,42.96,24.01,38.0,32.91,housing pressure and production planning,38.71,41.94,4.08,0.0,13.12,0.0,27.24,16.13,3.03,18.62
Rockport,Knox,3675,35.27,60.67,22.16,36.37,23.5,28.85,38.79,29.26,32.68,41.16,housing pressure and production planning,36.58,53.45,25.77,3.87,2.8,0.47,24.22,20.87,5.34,10.13
Clinton,Kennebec,3385,35.1,39.25,32.88,39.48,25.47,29.26,45.3,25.2,42.98,27.32,climate-smart mobility and compact growth,24.94,79.31,0.86,2.01,17.7,0.0,21.39,15.1,2.57,23.37
Sorrento,Hancock,345,35.1,37.52,40.52,30.32,22.83,40.82,37.47,27.55,50.46,34.4,climate-smart mobility and compact growth,23.88,4.76,49.67,2.82,44.71,0.0,22.61,19.42,5.8,9.28
Levant,Penobscot,3069,34.92,51.41,27.06,31.0,25.14,37.33,36.98,29.55,40.11,41.28,housing pressure and production planning,36.8,45.74,6.36,0.0,15.15,0.32,18.12,19.81,9.0,11.44
Berwick,York,8175,34.91,49.88,28.76,34.38,20.58,36.36,36.62,29.73,42.93,43.26,housing pressure and production planning,37.3,50.58,0.0,6.06,11.9,0.21,17.19,22.67,4.16,12.18
Knox,Waldo,825,34.91,36.01,33.56,35.14,27.74,33.06,43.44,30.48,40.89,35.47,climate-smart mobility and compact growth,32.25,11.32,7.98,2.56,16.99,0.57,17.33,13.94,8.56,17.58
Chelsea,Kennebec,2823,34.7,28.14,34.14,35.21,28.97,36.42,44.53,34.52,39.86,39.57,climate-smart mobility and compact growth,24.04,14.95,0.0,0.78,18.78,0.58,22.56,23.27,8.69,17.3
Amherst,Hancock,424,34.69,44.49,28.72,35.41,27.28,30.14,42.13,28.94,36.88,34.51,housing pressure and production planning,25.57,50.0,7.24,1.05,13.74,1.05,24.29,19.34,6.13,14.86
Lisbon,Androscoggin,9750,34.65,48.99,27.82,33.77,21.08,38.36,36.1,29.48,42.87,43.62,housing pressure and production planning,39.66,43.43,0.0,4.22,12.5,0.0,16.18,22.15,5.33,12.91
South Bristol,Lincoln,1069,34.63,44.64,26.78,39.87,28.83,21.94,46.34,26.53,34.51,26.33,housing pressure and production planning,27.75,15.0,45.18,0.82,6.64,0.0,30.68,8.23,7.6,14.97
Mount Vernon,Kennebec,1716,34.47,47.27,26.78,36.7,25.39,30.81,40.56,28.01,35.92,36.65,housing pressure and production planning,29.91,26.92,29.01,1.77,11.55,0.82,26.46,20.75,4.82,12.49
Jay,Franklin,4657,34.37,41.52,26.47,34.94,27.44,30.86,42.56,32.88,36.91,39.95,housing pressure and production planning,33.86,27.2,1.8,1.94,6.53,0.17,19.3,17.46,9.79,15.53
Baldwin,Cumberland,1170,34.33,37.36,35.61,34.49,25.53,36.48,39.1,23.98,45.91,29.39,climate-smart mobility and compact growth,29.72,16.67,15.14,0.38,27.15,0.57,27.69,12.14,6.42,9.57
Dedham,Hancock,1656,34.31,46.64,27.89,29.48,25.64,35.43,37.23,32.91,39.41,43.62,housing pressure and production planning,29.62,13.04,41.22,2.18,13.55,1.09,18.72,23.79,9.0,9.42
Mapleton,Aroostook,1884,34.27,29.41,34.7,32.28,27.97,30.85,44.7,36.68,40.1,38.63,climate-smart mobility and compact growth,17.38,16.67,7.14,4.6,14.68,0.64,18.31,22.19,8.93,16.83
West Bath,Sagadahoc,1863,34.24,48.74,25.69,40.58,23.64,25.45,42.01,25.15,35.6,32.55,housing pressure and production planning,34.33,41.13,13.96,4.05,6.48,0.0,29.36,14.65,3.17,12.13
China,Kennebec,4526,34.16,41.26,31.59,32.91,22.81,37.42,36.98,28.95,45.4,39.86,climate-smart mobility and compact growth,33.15,10.59,21.58,3.64,18.49,0.42,21.41,20.44,5.99,9.52
Minot,Androscoggin,2794,34.13,45.95,28.06,34.92,23.18,35.36,37.55,26.37,42.51,38.4,housing pressure and production planning,40.82,35.71,0.0,2.14,14.75,0.0,21.3,16.36,6.23,10.84
Hanover,Oxford,276,34.1,34.53,28.64,27.3,34.91,22.28,48.39,42.58,29.19,36.15,"food, household stability, and basic-needs support",9.29,0.0,51.47,0.0,3.57,0.0,21.74,15.94,18.84,13.77
Lebanon,York,6629,34.1,44.1,33.21,26.84,20.86,45.35,32.54,29.7,47.16,44.16,climate-smart mobility and compact growth,34.82,35.71,1.86,2.25,25.64,0.0,12.91,24.12,7.38,9.79
Medford,Piscataquis,222,34.08,28.69,38.89,32.1,31.54,26.27,46.84,28.42,39.54,20.03,climate-smart mobility and compact growth,14.17,0.0,24.88,0.76,23.24,0.76,20.72,3.15,11.26,18.47
Glenburn,Penobscot,4737,33.98,52.55,27.1,29.37,22.66,34.33,36.01,27.06,41.72,36.99,housing pressure and production planning,34.5,72.78,9.49,1.81,14.56,0.0,11.99,16.87,7.13,14.65
Jefferson,Lincoln,2647,33.98,50.21,27.86,30.04,21.81,40.43,32.88,26.71,45.24,42.29,housing pressure and production planning,31.54,29.82,34.4,1.17,21.05,1.48,18.66,28.03,3.39,10.06
Morrill,Waldo,914,33.98,37.82,31.24,32.69,25.45,35.75,39.74,30.36,41.69,39.32,climate-smart mobility and compact growth,28.35,34.29,1.36,1.93,18.41,0.83,18.49,22.76,6.26,14.93
Gray,Cumberland,8429,33.96,49.7,28.38,33.18,21.17,33.62,36.83,25.49,42.42,34.25,housing pressure and production planning,29.56,56.35,14.27,2.98,15.35,0.0,19.27,19.01,3.55,14.07
Standish,Cumberland,10662,33.95,54.81,27.46,27.74,22.06,35.5,33.49,26.62,43.91,35.34,housing pressure and production planning,30.08,57.45,19.23,2.14,15.68,0.59,15.18,16.36,7.33,10.48
Dixmont,Penobscot,1207,33.86,38.74,29.4,34.07,28.17,26.17,44.56,30.86,35.39,31.99,housing pressure and production planning,21.58,42.22,3.25,2.06,10.66,0.56,19.39,15.91,7.87,18.69
Monhegan,Lincoln,120,33.86,43.87,39.81,36.66,16.09,14.01,42.05,31.41,34.23,32.39,housing pressure and production planning,27.59,0.0,70.39,53.06,2.06,0.0,16.67,4.17,1.67,5.0
Litchfield,Kennebec,3680,33.79,50.33,26.63,34.42,21.36,32.4,36.95,25.85,39.97,37.6,housing pressure and production planning,37.87,32.0,18.61,3.95,11.67,0.0,19.08,17.58,4.27,11.98
Woodland,Aroostook,1196,33.73,30.54,25.53,31.81,34.0,33.74,43.17,40.29,33.36,48.37,"child, family, and school-adjacent services",28.64,0.0,4.68,0.0,5.59,3.01,17.98,25.17,13.91,14.3
Pownal,Cumberland,1696,33.72,43.91,26.81,34.13,24.27,33.4,39.46,29.38,36.98,39.49,housing pressure and production planning,29.46,78.95,1.21,0.99,13.24,0.0,23.47,24.17,5.54,13.01
Winterville,Aroostook,248,33.67,34.57,28.41,36.91,28.8,27.74,43.92,34.29,31.12,39.42,"child, family, and school-adjacent services",20.62,0.0,54.28,3.57,8.0,1.79,30.65,24.19,6.85,10.48
Isle au Haut,Knox,69,33.63,38.42,23.61,53.77,30.4,13.41,52.25,19.16,22.15,16.12,"aging-in-place, disability access, and healthcare coordination",33.33,0.0,57.97,0.0,0.0,0.0,81.16,0.0,2.9,14.49
Buxton,York,8512,33.48,37.09,36.16,33.54,19.47,36.21,35.77,25.52,50.51,34.11,climate-smart mobility and compact growth,30.09,26.88,3.6,7.93,22.19,0.73,19.2,16.17,2.32,10.15
Moose River,Somerset,248,33.41,42.95,30.21,18.88,22.79,37.7,33.66,45.52,38.9,59.47,"child, family, and school-adjacent services",26.44,0.0,26.24,8.65,9.09,0.0,8.47,32.26,14.92,1.21
Merrill,Aroostook,372,33.36,53.26,23.49,27.13,20.83,40.05,31.58,31.64,40.4,51.68,housing pressure and production planning,36.21,60.0,11.18,2.4,13.22,0.8,13.98,41.67,5.65,8.06
Perry,Washington,744,33.2,39.96,26.27,34.98,26.18,30.21,41.52,28.89,36.18,36.34,housing pressure and production planning,24.54,27.27,22.05,0.68,12.0,1.02,20.97,24.06,4.3,18.11
Lamoine,Hancock,1782,33.19,45.69,27.04,31.93,25.31,27.21,39.68,29.73,33.69,34.54,housing pressure and production planning,26.56,23.27,26.0,2.84,9.21,0.0,25.48,15.04,8.92,7.74
Alexander,Washington,553,33.12,36.2,26.52,36.14,27.3,21.25,46.22,33.14,33.8,35.02,housing pressure and production planning,22.37,0.0,35.17,5.15,1.68,0.43,18.44,18.08,6.64,19.82
Maxfield,Penobscot,76,33.0,27.58,41.59,26.9,27.37,31.53,42.68,25.65,45.23,19.33,climate-smart mobility and compact growth,10.0,0.0,37.74,0.0,60.71,0.0,13.16,7.89,8.57,21.05
Springfield,Penobscot,310,32.97,38.32,30.34,33.16,23.55,31.39,39.37,27.52,41.51,34.79,climate-smart mobility and compact growth,28.35,0.0,36.02,3.03,16.3,0.0,21.61,18.06,5.48,12.26
Edinburg,Penobscot,172,32.87,22.0,38.77,36.99,23.86,38.77,41.24,22.2,49.34,27.92,climate-smart mobility and compact growth,26.39,0.0,8.54,0.0,44.12,0.0,23.84,17.44,1.74,18.6
Manchester,Kennebec,2424,32.86,42.58,26.6,34.98,23.13,28.64,39.79,27.49,37.46,35.36,housing pressure and production planning,29.36,30.88,14.81,3.46,9.92,0.0,22.57,19.02,4.46,13.16
Chapman,Aroostook,388,32.81,22.58,26.67,39.36,32.23,33.78,44.0,33.78,34.6,43.31,"child, family, and school-adjacent services",28.0,0.0,0.0,0.0,10.22,3.68,27.58,27.58,6.44,15.58
Readfield,Kennebec,2651,32.71,47.08,22.36,34.88,25.06,29.94,37.64,26.0,35.96,36.83,housing pressure and production planning,34.71,31.25,17.87,1.27,7.77,1.56,22.29,18.71,5.03,12.0
Tremont,Hancock,1508,32.61,57.26,18.97,31.49,22.38,28.82,35.24,27.29,32.44,40.51,housing pressure and production planning,37.23,32.14,37.15,1.71,3.38,0.0,21.35,20.16,6.65,7.76
Arundel,York,4418,32.59,50.27,22.64,31.29,21.65,35.88,33.29,26.38,39.72,42.55,housing pressure and production planning,42.74,34.2,8.65,2.04,10.27,0.68,15.87,20.37,5.85,9.87
Scarborough,Cumberland,23215,32.58,51.64,20.45,35.45,20.28,33.67,34.12,24.26,40.31,34.43,housing pressure and production planning,35.42,51.88,7.69,1.67,4.55,0.0,24.73,16.64,4.39,10.8
Hudson,Penobscot,1305,32.49,38.64,25.14,34.2,27.95,30.62,39.77,27.16,36.29,35.15,housing pressure and production planning,31.69,10.26,20.89,0.18,11.23,2.21,18.85,17.16,6.51,15.94
Edgecomb,Lincoln,1251,32.48,39.37,27.34,34.23,25.25,27.73,41.14,26.45,36.08,30.7,housing pressure and production planning,24.18,21.05,24.57,0.74,13.01,0.0,24.54,16.87,5.6,14.39
Upton,Oxford,91,32.48,42.25,22.55,51.21,24.76,17.64,44.44,13.63,35.05,17.58,"aging-in-place, disability access, and healthcare coordination",41.67,0.0,66.96,1.43,4.35,0.0,80.22,0.0,0.0,6.59
West Gardiner,Kennebec,3696,32.45,45.7,21.65,30.7,26.35,26.79,40.27,30.58,33.94,36.34,housing pressure and production planning,26.6,57.14,4.21,0.0,4.19,0.0,17.26,18.91,9.04,15.99
Talmadge,Washington,67,32.38,15.8,34.01,30.56,38.86,20.15,46.24,40.82,35.36,34.44,"food, household stability, and basic-needs support",0.0,0.0,10.53,8.82,6.45,8.82,16.42,17.91,10.45,14.93
South Berwick,York,7670,32.19,50.31,19.17,33.16,20.15,35.66,33.97,26.87,38.73,44.73,housing pressure and production planning,41.39,53.53,0.54,1.38,6.08,0.0,15.76,26.66,3.43,14.0
Newcastle,Lincoln,1913,32.02,30.71,27.01,40.01,25.6,21.66,45.17,30.46,31.25,34.51,"aging-in-place, disability access, and healthcare coordination",25.86,5.84,14.1,7.07,1.98,0.99,24.36,17.77,3.49,16.43
Hebron,Oxford,1105,31.9,27.81,28.79,32.64,27.09,34.63,39.8,30.79,39.3,39.69,"child, family, and school-adjacent services",32.74,0.0,0.0,0.91,14.58,0.91,19.55,19.1,8.9,12.9
Bowdoin,Sagadahoc,3188,31.59,31.19,29.94,26.74,24.46,40.72,34.9,30.42,43.68,42.15,climate-smart mobility and compact growth,36.05,0.0,0.0,0.0,20.32,0.0,14.12,19.13,10.95,9.79
Buckfield,Oxford,2403,31.57,27.44,32.4,29.55,22.55,34.94,37.7,33.41,40.76,43.28,"child, family, and school-adjacent services",25.39,0.0,9.42,6.55,16.01,0.79,13.73,25.72,5.78,12.65
Waldo,Waldo,926,31.44,48.94,18.59,25.93,28.39,28.3,34.76,31.4,32.06,41.79,housing pressure and production planning,29.86,74.07,4.15,1.06,2.54,3.46,12.2,20.19,10.37,10.04
Hollis,York,4872,31.36,46.76,24.78,28.58,21.21,33.3,33.35,23.29,40.68,33.58,housing pressure and production planning,32.59,48.85,3.81,0.5,15.45,0.0,16.79,16.4,5.69,10.77
Hampden,Penobscot,7896,31.23,32.82,25.68,29.65,23.87,32.35,37.88,33.62,37.96,42.18,"child, family, and school-adjacent services",23.79,22.25,3.16,3.28,8.18,0.44,17.19,25.84,7.48,12.89
South Franklin UT,Franklin,120,31.11,29.18,22.35,26.4,30.55,25.01,44.58,43.53,24.9,45.65,"child, family, and school-adjacent services",7.14,0.0,34.88,0.0,0.0,0.0,20.0,46.67,13.33,15.0
Argyle UT,Penobscot,286,31.05,44.82,23.59,27.09,23.4,27.87,37.35,27.35,34.01,33.68,housing pressure and production planning,19.63,100.0,18.25,0.0,11.85,0.0,13.99,22.73,5.59,16.78
Blaine,Aroostook,706,30.92,29.86,22.97,34.83,26.59,26.94,43.49,30.67,31.79,37.13,"child, family, and school-adjacent services",25.0,20.0,3.81,0.0,5.67,0.0,18.13,24.08,5.69,21.53
Cape Elizabeth,Cumberland,9606,30.89,37.7,24.06,31.62,20.54,31.47,35.29,31.08,37.21,42.08,"child, family, and school-adjacent services",26.27,30.17,5.28,5.04,6.19,0.0,25.66,25.97,5.18,5.55
Gorham,Cumberland,18300,30.89,40.3,24.23,30.9,19.19,35.19,32.44,26.26,44.58,37.37,climate-smart mobility and compact growth,30.46,37.91,0.0,4.11,9.75,0.63,17.49,20.89,3.71,10.99
Searsmont,Waldo,1646,30.89,37.05,27.07,29.58,25.08,24.77,39.77,25.35,37.76,25.78,climate-smart mobility and compact growth,16.87,41.38,10.4,0.3,13.81,0.0,20.96,13.85,6.64,14.5
Cushing,Knox,1460,30.87,45.82,21.76,28.93,23.87,23.8,37.6,28.29,31.38,33.82,housing pressure and production planning,23.96,33.7,23.22,2.19,4.56,0.0,20.55,17.12,7.74,9.75
Bradley,Penobscot,1645,30.77,36.23,21.57,34.65,24.21,25.23,41.02,28.63,32.57,36.43,"child, family, and school-adjacent services",27.68,31.31,3.95,2.02,3.33,0.0,19.51,21.88,4.56,17.36
Warren,Knox,4932,30.75,53.1,20.25,27.93,20.41,31.41,31.0,22.59,37.4,36.26,housing pressure and production planning,41.15,52.08,2.81,2.01,8.51,0.61,12.04,13.95,6.02,9.5
Belgrade,Kennebec,3351,30.63,45.4,19.51,33.32,21.19,29.16,35.41,24.3,34.69,36.73,housing pressure and production planning,32.37,17.24,42.84,0.8,6.71,0.0,23.87,22.56,3.09,10.53
Hermon,Penobscot,6727,30.54,32.34,26.58,29.23,23.31,31.22,36.56,29.96,39.54,37.07,climate-smart mobility and compact growth,22.65,28.21,0.0,2.89,11.51,0.56,20.38,21.6,6.83,9.96
Falmouth,Cumberland,12755,30.31,38.82,23.24,32.61,18.78,30.06,34.56,27.18,39.41,37.22,climate-smart mobility and compact growth,24.96,41.44,3.67,5.09,6.53,0.0,24.47,24.19,2.3,8.51
Hope,Knox,1748,30.12,44.89,18.16,30.47,23.49,27.02,35.34,27.45,30.39,38.79,housing pressure and production planning,28.74,37.84,15.29,1.29,3.26,1.15,21.11,23.34,5.33,9.53
Charleston,Penobscot,1117,30.06,45.28,21.36,25.78,22.61,30.48,32.22,25.88,37.63,37.82,housing pressure and production planning,31.48,45.45,3.49,1.81,9.85,1.58,11.55,19.43,6.36,10.32
Windham,Cumberland,19188,29.94,42.06,23.82,28.45,17.35,36.02,29.77,23.67,44.47,35.19,climate-smart mobility and compact growth,30.77,32.65,9.0,3.47,12.19,0.23,15.9,19.21,3.44,9.7
Cumberland,Cumberland,8647,29.76,44.11,20.29,29.03,18.45,34.13,30.47,25.13,39.74,40.52,housing pressure and production planning,32.31,47.06,1.8,2.28,9.33,0.32,19.8,25.59,3.14,7.09
New Gloucester,Cumberland,5766,29.54,37.07,19.87,30.8,21.96,34.48,33.57,25.66,37.15,40.72,"child, family, and school-adjacent services",36.22,24.72,1.06,0.0,9.1,0.86,15.4,24.25,4.32,13.64
Alna,Lincoln,818,29.47,43.3,20.5,27.04,18.05,36.47,30.05,25.79,38.29,44.4,"child, family, and school-adjacent services",30.92,42.86,10.09,0.68,13.79,0.0,17.36,32.89,2.08,8.61
Orrington,Penobscot,3853,29.12,26.67,23.22,33.0,25.38,24.8,40.51,27.1,34.1,30.73,climate-smart mobility and compact growth,23.24,11.86,3.99,0.49,6.73,0.0,23.77,16.38,6.64,13.96
Dayton,York,2313,28.94,39.65,21.84,27.89,20.74,29.91,32.63,23.84,36.58,35.51,housing pressure and production planning,29.81,37.97,3.78,2.17,10.87,0.97,14.31,20.41,3.68,11.37
Sidney,Kennebec,4790,28.82,30.89,24.79,26.34,21.62,33.91,33.37,27.15,39.01,37.13,climate-smart mobility and compact growth,24.9,16.35,7.3,0.37,15.2,0.0,18.39,23.07,6.43,9.25
Codyville UT,Washington,14,28.74,28.17,21.43,51.92,28.0,9.82,50.0,15.14,3.28,10.91,"aging-in-place, disability access, and healthcare coordination",27.27,0.0,23.81,0.0,0.0,0.0,85.71,0.0,0.0,14.29
Cyr,Aroostook,59,28.39,14.79,22.47,42.43,29.62,13.6,49.28,25.35,26.98,20.99,"aging-in-place, disability access, and healthcare coordination",17.39,0.0,0.0,0.0,0.0,0.0,37.29,10.17,5.08,16.95
Swans Island,Hancock,438,28.38,45.56,15.91,33.72,22.18,17.18,37.26,19.7,26.39,24.8,housing pressure and production planning,21.11,40.0,52.13,0.5,1.4,0.5,28.08,16.44,1.14,11.42
West Forks,Somerset,125,27.85,28.74,24.35,27.25,27.14,29.22,32.59,21.57,36.96,28.38,climate-smart mobility and compact growth,17.86,0.0,40.2,0.0,17.95,5.36,18.4,18.4,3.2,10.4
Matinicus Isle,Knox,48,27.71,36.33,15.94,44.83,22.87,16.01,39.74,14.75,19.78,20.83,"aging-in-place, disability access, and healthcare coordination",33.33,0.0,71.79,0.0,0.0,0.0,52.08,8.33,0.0,2.08
Carthage,Franklin,845,27.27,20.86,29.8,26.5,22.13,21.8,37.76,24.58,39.82,24.24,climate-smart mobility and compact growth,12.5,0.0,17.63,5.78,14.48,1.02,10.65,13.14,3.55,16.8
North Yarmouth,Cumberland,4240,27.08,33.9,20.31,25.08,20.07,27.16,32.32,24.86,36.64,33.41,climate-smart mobility and compact growth,21.37,38.83,0.81,1.36,8.91,0.0,17.12,21.51,4.83,9.29
Dennistown,Somerset,134,27.0,3.42,37.0,30.87,21.99,31.15,38.61,21.73,45.3,20.82,climate-smart mobility and compact growth,0.0,0.0,7.58,0.0,34.78,0.0,34.33,23.13,0.0,10.45
Durham,Androscoggin,4262,25.16,30.13,20.32,22.58,17.8,29.99,28.0,21.06,39.11,32.05,climate-smart mobility and compact growth,24.62,25.0,1.76,0.72,13.63,0.0,16.61,19.73,4.15,5.54
Holden,Penobscot,3352,24.91,30.55,18.65,23.61,17.56,23.23,29.74,24.69,35.07,34.7,climate-smart mobility and compact growth,21.24,22.78,6.83,5.65,3.96,0.69,15.13,21.51,3.15,5.44
Northwest Aroostook UT,Aroostook,5,21.21,33.0,18.0,0.0,28.0,12.0,30.0,34.0,0.0,24.0,"food, household stability, and basic-needs support",0.0,0.0,100.0,0.0,0.0,0.0,0.0,0.0,100.0,0.0
Northwest Somerset UT,Somerset,26,18.87,15.0,15.0,34.0,22.0,0.01,38.0,10.0,0.01,0.0,"aging-in-place, disability access, and healthcare coordination",0.0,0.0,94.05,0.0,0.0,0.0,100.0,0.0,0.0,0.0
Seboomook Lake UT,Somerset,41,18.87,15.0,15.0,34.0,22.0,0.01,37.99,10.0,0.01,0.0,"aging-in-place, disability access, and healthcare coordination",0.0,0.0,100.0,0.0,0.0,0.0,63.41,0.0,0.0,0.0
North Franklin UT,Franklin,13,12.87,15.0,20.31,0.0,8.0,18.46,12.0,0.0,46.19,0.0,climate-smart mobility and compact growth,0.0,0.0,98.31,0.0,30.77,0.0,0.0,0.0,0.0,0.0
Glenwood,Aroostook,6,9.99,15.0,0.0,0.0,8.0,16.0,12.0,16.0,24.0,30.0,"child, family, and school-adjacent services",0.0,0.0,94.29,0.0,0.0,0.0,0.0,33.33,0.0,0.0
Wyman UT,Franklin,14,6.63,15.0,0.0,0.0,8.0,0.0,12.0,0.0,24.0,0.0,climate-smart mobility and compact growth,0.0,0.0,80.7,0.0,0.0,0.0,0.0,0.0,0.0,0.0
